row_index,seq_cdrh3,PLL_mean_pooled
0,ARGEGNYAWFAY,-0.62179035
1,ASFLGRGAMDY,-0.5344408
2,ARDGTIAAMDYFDY,-0.38944134
3,ATGSSSSWFDP,-0.5953191
4,AKVSYLSTASSLDY,-0.31259513
5,ARDRGIGARRGPYYMDV,-0.4748451
6,AREGHTAAPFDY,-0.36650988
7,AKDSNWGNFDL,-0.3084342
8,ARGGYDGRGFDY,-0.28779194
9,ARYYYGMDY,-0.22691178
10,ARGQLYGGTYMDG,-0.6064695
11,ARHDIEGFDY,-0.4498927
12,ARLDGYYFGFAY,-0.64987874
13,ARRHWPGGFDY,-0.3801343
14,ARIKLGTVTTVDY,-0.4903736
15,VRYDHYSGSSDY,-0.36525932
16,SRDYGYYFDF,-0.3079823
17,VKGGYYGHWYFDV,-0.3864616
18,ARGAIYDGYDVLDN,-0.5131399
19,ARSRDLLLFPHHALSP,-0.4544297
20,ARGDFAY,-0.514837
21,GREGIRYYGLLGDY,-0.4993227
22,AKYPHYYGSSHWYFDV,-0.35249138
23,ARRRNWGNAFDI,-0.5228887
24,ARGGWFDY,-0.41385537
25,ASPPQYYEGSIYRLWFAH,-0.8477349
26,TRPVVRYFGWFDP,-0.80540043
27,ATGDTTYKFDF,-0.4604979
28,ARERPLYASDL,-0.45458862
29,ARDRGYTSSWYPDAFDI,-0.3371418
30,ANYGNYWFAY,-0.788359
31,KTHGSHDN,-0.7409256
32,ARRQLYFDY,-0.30792803
33,ARFDGNYGYYAMDY,-0.53554744
34,TREGEGLGFGD,-0.7059278
35,ARDIVDAFDF,-0.3885933
36,ARESPYFSNLYVMDY,-0.5252292
37,ARKDWFDY,-0.5496585
38,ARQLYYFDY,-0.114190444
39,ARYDGIYGELDF,-0.4436195
40,VKWGNIYFDY,-0.38281962
41,ARGYRSYAMDY,-0.41066682
42,ARPGLAAAYDTGSLDY,-0.42060375
43,ARALTYYDYEFAY,-0.4803543
44,ARAPLRFLEWSTQDHYYYYYMDV,-0.4283474
45,ARDDSSDWDAKFNL,-0.5188144
46,TRFYSYTY,-0.252632
47,ARGSNPYYYAMDY,-0.42098907
48,ARLGGYDEGDAMDS,-0.68854225
49,ASGDY,-0.2860296
50,ARRGEYGNYEGAMDY,-0.43051186
51,ARDAGYSNHVPIFDS,-0.5953902
52,AREGIYW,-0.7188004
53,ARGGGVFDY,-0.20577079
54,ARYGRVFFDY,-0.4196425
55,AKDKILWFGEPVFDY,-0.5074653
56,AKDPGTTVIMSWFDP,-0.63416195
57,VTAGRGFPY,-0.64541465
58,VSGMEY,-0.70647407
59,AKQDYAMNY,-0.6179726
60,ASPYYAMDY,-0.64628696
61,ARESRVSFEAAMDY,-0.5141755
62,AKDRLSITIRPRYYGLDV,-0.4635476
63,AREGGWFGELAFDY,-0.37784117
64,ARYFFGSSPNWYFDV,-0.37699577
65,ARGIYFYGTTYFDY,-0.39617357
66,AREGDGSGIYYYYGMDV,-0.40620095
67,ARVGSGPYYYMDV,-0.48617432
68,ARPDGNYWYFDV,-0.5252275
69,ARDQRLYFDV,-0.53029174
70,AKDGSSGWYVPHWFDP,-0.56036127
71,ARANWLDY,-0.35074276
72,TGYYADAMDY,-0.5721021
73,ARADYYGSDYVKFDY,-0.39950672
74,ARRDITTFY,-0.52103424
75,ARGDI,-0.1116838
76,ARDRLNYYDSSGYYHYKYYGMAV,-0.4648498
77,ARHLHGSFAS,-0.7141661
78,ARTGSSGYFDF,-0.14670192
79,AKDLRNTIFGVVIPDAFDI,-0.49130434
80,ARGYGMDV,-0.4322629
81,ARHGDDPAWFAY,-0.6477613
82,STIFGVVTNFDN,-0.8621631
83,AREPEKFDSDDSDV,-0.46065536
84,ARNYVGSIFDY,-0.33617935
85,AKDLGWSDSYYYYYGMDV,-0.48106855
86,AREPLWFGESSPHDYYGMDV,-0.5421549
87,ARQMGYWHFDL,-0.6222276
88,LAYFDYGLAIQNY,-0.6447327
89,ASTLGLVLDAMDY,-0.5190505
90,ARVYSSGWHVSDYFDY,-0.35452613
91,ARLSDYVSGFGY,-0.46907166
92,VRDRLFSVVGMVYNNWFDV,-0.4328638
93,ARWTGRTDAFDI,-0.3709265
94,ARGKGNTHKPYGYVRYFDV,-0.50546664
95,TRHYYFDY,-0.20754224
96,VNGNPWLAY,-0.83853275
97,ARNRYDPPWFVD,-0.7103216
98,ARANSVWFRGLFDY,-0.46057898
99,ARHRSGYFSMDY,-0.39446816
100,ARGYNWNYFDY,-0.28766492
101,ARDRGIAAGGNYYYYGMDV,-0.3814794
102,ARWYYKPFDV,-0.72662944
103,ARYQWVPKIGVFDS,-0.63474923
104,AREKDNYATGAWFAY,-0.41943485
105,ARDHYGSGVHHYFYYGLDV,-0.41179875
106,ARLSPGGYYVMDA,-0.75259995
107,ARGRYSGSGSYYNDWFDP,-0.46821493
108,ARSGFITTVRDFDY,-0.40557954
109,SRNYYGSTYDY,-0.20681165
110,TREGYGNYGAWFAY,-0.49435857
111,AREARGSYAFDI,-0.40931574
112,ARTGWLGPFDY,-0.37195006
113,ARGDYYGSNSLDY,-0.34900638
114,ARDGGIAAPGPDY,-0.4249393
115,ARRDYDLDYFDS,-0.46095785
116,ARYDYFTGTGVY,-0.43262875
117,AVHNAHYGTWFAY,-0.6356177
118,EREGGVNN,-0.679145
119,AYRRIGVPRRDEFDI,-0.6013115
120,ARLPDY,-0.57325
121,AGDGYYPYAMDN,-0.580718
122,VRRQRFPYYFDY,-0.5056337
123,AKILGAGRGWYFDL,-0.5419118
124,ARFSHFSGSNYDYFDY,-0.45907998
125,ARGRPAMDY,-0.46293777
126,ARIPSGSYYYDYDMDV,-0.46681538
127,ARGSNPYYYAMDY,-0.42098907
128,ARMRKGYAMDY,-0.7250526
129,ARDGGIAAPGPDY,-0.4249393
130,ASLTTGSDS,-0.46911064
131,ARHRDYYSNSLTY,-0.44815338
132,SRWGGDGFYAMDY,-0.5045424
133,ASRDYDYDGRYFDY,-0.39148143
134,AIVGSFSPLTLGL,-0.6969102
135,ARDPPSSLLRLDY,-0.3506326
136,SRSRGKNEAWFAY,-0.64454645
137,ARNWDTGL,-0.58488095
138,TRYDGSRAMDY,-0.60327053
139,ARILRGGSGMDL,-0.631637
140,GRHSDGNFAFGY,-0.4528555
141,ARGGYDFDVGTLYWFFDV,-0.51837903
142,ARDSYSNYYFDY,-0.16815734
143,ARDMIFNFYFDV,-0.5307402
144,ARYYDDHYCLDY,-0.3822867
145,AREGYYGNYGVYAMDY,-0.4023177
146,ARVSIFGVGTFDY,-0.3634299
147,ARGLITFGGLIAPFDY,-0.44096982
148,TRQGLWFDSDGRGFDF,-0.5528662
149,ATNDDY,-0.86248416
150,ARGTYYYGTRVFDY,-0.43418106
151,ARSGLLRYAMDY,-0.45060328
152,ARNVFDGYWLVY,-0.59671736
153,ARVVYYSNSYWYFDV,-0.44791445
154,AKDIQYGNYYYGMDV,-0.428689
155,ARQSTYYYGSGNYYGWFDR,-0.39585707
156,ARLGYGRVDE,-0.63732874
157,ARESYYGFTSY,-0.4211369
158,ARGSHYFGHWHFAV,-0.5675187
159,ARQTTATWFAY,-0.6168772
160,ATYRSYVTPLDY,-0.6526846
161,ATEGDNDAFDI,-0.5475279
162,ARIRVGPSGGAFDY,-0.5756785
163,TRGGPYYYYGMDV,-0.46961448
164,AKFRQYSGGFDY,-0.4925337
165,ARSVGPFDS,-0.35333443
166,ELMQGY,-0.8382525
167,ARSMITNWYFDV,-0.57392746
168,ARGDYYGSGSFFDC,-0.579939
169,VRDRVTGAFDI,-0.42466372
170,ARDRYYGPEM,-0.54733217
171,AREGVYHDYDDYAMDY,-0.4348545
172,ARDKWTWYFDL,-0.5122101
173,ARRDYRFDMGFDY,-0.45531029
174,ARNLGPSFYFDY,-0.39712682
175,VRVGYDALDY,-0.382939
176,ARDGSSWDWYFDV,-0.3395906
177,TTFYGNGV,-0.7325236
178,TRRVPIRLDY,-0.7013401
179,ASLYSLPVY,-0.73637897
180,ARGGAGIDY,-0.29316124
181,AREGILWFGDLPTF,-0.5266267
182,ARDEGGGTGWGVLKDWPYGLDA,-0.5214537
183,ARDNWDAMDY,-0.3401244
184,AREDYYDNSYYFDY,-0.3071306
185,AKPFPYFDY,-0.555869
186,ARVTDAFDI,-0.47184885
187,AKYPYYYGTSHWYFDV,-0.33194256
188,AFGYSDYEYNWFDP,-0.8287716
189,AREYYGYFDY,-0.1748032
190,ARGGYDFWSGYFDY,-0.3286552
191,ARQNGAARPSWFDP,-0.6021296
192,AIPDRSGYAWFIY,-0.93386173
193,ARSTYYGGDWYFNV,-0.37109226
194,ARLGNFYYGMDV,-0.5697251
195,ARLGYDDIYDDWYFDV,-0.44142282
196,ASWISDFFDY,-0.52127033
197,ARIGDSSPSDY,-0.44471616
198,TTGIVRPFLY,-0.7089325
199,AKGRDSFDI,-0.32517165
200,ARSLARTTAMDY,-0.3618211
201,VRDYYDILTDYYIHYWYFDL,-0.42326984
202,ARDQPLGYCTNGVCSYFDY,-0.40410757
203,TRGLKMATIFDY,-0.52347577
204,ARDTYLHFDY,-0.24296942
205,ARDPIAAGY,-0.5751537
206,ARGLWGYYALDY,-0.42022422
207,ARNWMNFDY,-0.5214739
208,ARAEHSSTGTFDY,-0.25279018
209,ARQLWGYYALDI,-0.47114933
210,ASGDY,-0.3533016
211,TRWTTGTGAY,-0.48895067
212,ARLFTGYAMDY,-0.45932457
213,ARGYYDILTGYYYYFDY,-0.32897422
214,ARGGYWYATSYYFDY,-0.36760622
215,ARSIFYTT,-0.5505595
216,ARYKYDYDGGHAMDY,-0.45629373
217,ARSEITTEFDY,-0.35702017
218,ARYYDDHYCLDY,-0.4178474
219,ARELGRRYFDL,-0.38926327
220,ARAPQWELVHEAFDI,-0.44393694
221,ARRGDSMITTDY,-0.40848616
222,ARGGGGFAY,-0.38679665
223,ARAYGNYWYIDV,-0.49839202
224,ARSPWGYYLDS,-0.5082187
225,ARSLARTTAMDY,-0.39866972
226,AREGITTVATTYYWYFDV,-0.50150746
227,AREGRIAARGMDV,-0.4988416
228,ARDSSSSWARWFFDL,-0.4653916
229,SRWGGDGFYAMDY,-0.49644417
230,SASYYRYDVGAWFAY,-0.6075332
231,ARDPRGATLYYYYYGMDV,-0.4125297
232,ARYDYNYAMDY,-0.36479262
233,ARDYGPGNYDWYFDL,-0.40593758
234,ARRRPGQGYFDF,-0.43411085
235,ARGYGIFDY,-0.26462755
236,ASGYEDAMDY,-0.6234075
237,ARGSGNWGFFDY,-0.36249658
238,ARANDGVYYAMDY,-0.4469928
239,ARGGYDGWDYAIDY,-0.3919425
240,ARSTYYGGDWYFDV,-0.36971262
241,ARSAYYDYDGFAY,-0.47104514
242,ARNMYTHFDS,-0.7183165
243,ARDGITMVRGVMKDYFDY,-0.4527385
244,ARVINWFDP,-0.7952262
245,TRSWRGNSFDY,-0.44987753
246,AAAGVRAEDGRVRTLPSEYTF,-0.4537408
247,ARSPSGFN,-0.4552374
248,AARRIDAADFDS,-0.65612507
249,AFITTESDYDLGRRY,-0.69932634
250,TADQEFGYLRFGRSEY,-0.5952332
251,AAVFRVVAPKTQYDYDY,-0.60785955
252,AADLDPNRIFSREEYAY,-0.69278556
253,AAAGLGTVVSEWDYDYDY,-0.44108993
254,AADLGDGSWVDYVNAEPYEYDY,-0.49250737
255,AADSFEDPTCTLVTSSGAFQY,-0.4905523
256,ARNQHGLN,-0.46097162
257,GAGTPLNPGAYIYDWSYDY,-0.4129096
258,YADLIRPGDFYGMDY,-0.54820156
259,AARSPSPLTFQTRTLREDSYNY,-0.43594322
260,AADSTIYASYYECGHGLSTGGYGYDS,-0.56909585
261,AAGGYELRDRTYGQ,-0.43169537
262,NVNVGFEY,-0.7206081
263,AAAGVRAEDGRVRTLPSEYTF,-0.4537408
264,ARSPSGFN,-0.4552374
265,AARRIDAADFDS,-0.65612507
266,AFITTESDYDLGRRY,-0.69932634
267,TADQEFGYLRFGRSEY,-0.5952332
268,AAVFRVVAPKTQYDYDY,-0.60785955
269,AADLDPNRIFSREEYAY,-0.69278556
270,AAAGLGTVVSEWDYDYDY,-0.44108993
271,AADLGDGSWVDYVNAEPYEYDY,-0.49250737
272,AADSFEDPTCTLVTSSGAFQY,-0.4905523
273,ARNQHGLN,-0.46097162
274,GAGTPLNPGAYIYDWSYDY,-0.4129096
275,YADLIRPGDFYGMDY,-0.54820156
276,AARSPSPLTFQTRTLREDSYNY,-0.43594322
277,AADSTIYASYYECGHGLSTGGYGYDS,-0.56909585
278,AAGGYELRDRTYGQ,-0.43169537
279,NVNVGFEY,-0.7206081
280,AAAGVRAEDGRVRTLPSEYTF,-0.44089898
281,ARSPSGFN,-0.47665685
282,AARRIDAADFDS,-0.521176
283,AFITTESDYDLGRRY,-0.6839251
284,TADQEFGYLRFGRSEY,-0.5875356
285,AAVFRVVAPKTQYDYDY,-0.7206323
286,AADLDPNRIFSREEYAY,-0.630099
287,AAAGLGTVVSEWDYDYDY,-0.46026966
288,AADLGDGSWVDYVNAEPYEYDY,-0.48390847
289,AADSFEDPTCTLVTSSGAFQY,-0.46922842
290,ARNQHGLN,-0.47509915
291,GAGTPLNPGAYIYDWSYDY,-0.5382743
292,YADLIRPGDFYGMDY,-0.5196721
293,AARSPSPLTFQTRTLREDSYNY,-0.4206076
294,AADSTIYASYYECGHGLSTGGYGYDS,-0.54274106
295,AAGGYELRDRTYGQ,-0.44753534
296,NVNVGFEY,-0.6977396
297,TLGDY,-0.59910643
298,MIFGA,-1.1956561
299,TPGDY,-0.8703701
300,AITYF,-0.9772536
301,MTGGGY,-0.4537293
302,GTPGIP,-1.1054336
303,ARTSDT,-0.32335463
304,ASNLVH,-0.7993853
305,ARQGLDV,-0.263548
306,ITKNVPD,-0.85811704
307,ARDFTDV,-0.24677198
308,VKVVTTE,-0.6144126
309,ASNWNFQH,-1.2526925
310,AKDIPLDS,-0.46243227
311,ARGRDIDF,-0.34052747
312,ARGGYFDY,-0.28648862
313,ARDRIAIFS,-0.8575975
314,ARSTWYFDS,-0.38728997
315,ARAYDSLDV,-0.34719002
316,ASSGFYFDF,-0.48834288
317,AKEDWGLPRD,-0.8183975
318,ARRIREAFDI,-0.42896557
319,AKDRVYSLDL,-0.6259209
320,ATLTIFHMDV,-0.8126462
321,ARSGVASTLDY,-0.3633223
322,ATDRGSLAAVD,-0.661091
323,ARDVRGLPFDI,-0.44257277
324,ARGLVGGASDY,-0.27829453
325,ARHSQAVNAFDI,-0.4959987
326,ARGSGLAGPLDV,-0.43358418
327,RLYSNYDYYFDY,-0.66311425
328,ARVDILIGFTDY,-0.49003908
329,GRGGGVGATMVEY,-0.46365836
330,ARARYGDYYYFDS,-0.3934476
331,TRDRSEYSSPSLY,-0.42798075
332,AVGFNFHYYYMDV,-0.6568221
333,AGHSRVYGSPAFDF,-0.5000139
334,ARNIVPARSKWFDP,-0.6927752
335,ARLKSRSSWAAFDI,-0.523446
336,ARHSRGGSSYWFDP,-0.5829852
337,AKPRGENIGRLGVDY,-0.53956234
338,ARYDYIGRLKASFGL,-0.48374018
339,AKDTDFSGYYYYMDV,-0.38987917
340,AIASMIADWYYGMDV,-0.7191398
341,ARAQWDIVSPGNAFDI,-0.4483076
342,ARTLRATFVTGGQVHV,-0.56744945
343,AKEFGGAISGKDAFDA,-0.5626887
344,ARGGWDYEDYVPNLDY,-0.47458503
345,ARRLTLVAHSFHNYMDV,-0.44530737
346,ARVKEQWLSRGGNSFDL,-0.5019885
347,ARRSDDYGDYYGRYFDY,-0.28010923
348,ARVESVVVPIAGNWFDS,-0.6049076
349,AKFAPFWTTTDYDYYMDV,-0.47397158
350,ARDNLQMGILTAIGVVDH,-0.46374294
351,VRDRNYHDRRTYYDVLDV,-0.41318056
352,ARDWGGYSHFAYYSYMDV,-0.5338634
353,ARRADYYDSSGDYLDAFDI,-0.34872398
354,ARHDEARPYFYRSSGYFDM,-0.49507383
355,ASGPHHSGSGTYYPSYLYG,-0.42309365
356,ATRAIHFRNRNFYSFYVEV,-0.57668763
357,AKDGRGLSIFGVLTPYYFDY,-0.39266455
358,ARERVSMVRGIIMTYYGMDV,-0.54087585
359,ARGTITIFGPFIDRGYYFDY,-0.4325873
360,ARMGEWNLRLGDPYYHAMDV,-0.56930524
361,ARVSEYDFWTGQRYYFYYMDV,-0.52095646
362,ARLAEDYRSSSGFPRGYYFDY,-0.42158082
363,ARDDVGDGRNSDIHLRGDFEY,-0.48212165
364,ARGLFGVLISKIRFSYYYMDV,-0.47760797
365,ARLLEPTYYDILTGSNGYYFDY,-0.41536415
366,ARDQLTSTIVARALRYYPYMDV,-0.52684116
367,ARDRGLAGHYYDSNVYYGAFDI,-0.399243
368,ARDNSFDPSDAVRDYYYYYMDV,-0.4447956
369,TRGVEDIVVVVAATPYYYYYMDV,-0.46846116
370,ARDVGHFGDLLNFSAERSSLMDV,-0.50771767
371,ARGGIQITVTTSLRPAYFYYMDV,-0.49690565
372,ARGGIEGEILWWRDAGSDDAFDI,-0.43842295
373,ARDSPPMGLGMGEYFGAYYYGMDV,-0.50716937
374,ARASYDFWSGYYEPKKSATYAFDY,-0.46504632
375,AHRVYYSDRSSYPRRPRIPSAFDY,-0.4173278
376,AREGGSYYDILTGYYNGPPNWFDP,-0.5961952
377,ARGTWDYGMDV,-0.48386878
378,AREVGYSYDAAWFDP,-0.6094884
379,AREAGTGDDYYMDV,-0.44247082
380,ARAGYYWYHWYFDL,-0.600522
381,AREAGDYYNLGYMDV,-0.35903126
382,AREGRWSSGMDV,-0.475461
383,AREGPPYYYDYMDV,-0.50278634
384,ARYYSGTHGYFDL,-0.30441475
385,AREGNYDSSGYYSPYLDV,-0.27332813
386,AKDTYRWGYYYYMDV,-0.45481154
387,ARDLGYRYASYYYYYGMDV,-0.41747877
388,AKPRWYYGEYFDL,-0.6306139
389,AREVGYDIWRYYYYYGMDV,-0.4652352
390,ARDAGMYYIWPFDM,-0.55888706
391,AREGVYDWHFDY,-0.47744668
392,AREGLLQLEYYGMDV,-0.4874647
393,ARGGRMATGESWYFDL,-0.3851015
394,ARGKYPPAYV,-0.6035589
395,ARAGDYYDSSRLESFDY,-0.46349353
396,ARPGNIADTIGTLDL,-0.5208674
397,ARDSNDFWSDWYDFDL,-0.40966457
398,AKEAGTYYYASSGYTALDV,-0.38528746
399,AREGGYGRVDV,-0.3886364
400,ARDLGGNYYRPIYGMDV,-0.40868926
401,ARERIYGDYYGFDY,-0.27877158
402,AREGPYGYYDLTFDY,-0.38278565
403,ARLPWDYVGYIDY,-0.43039384
404,AREGTSWYSGTIWFDP,-0.5190868
405,AREVGSYYELTWFDP,-0.6172852
406,ARDTGSWELGYMDV,-0.47184208
407,ARDRGGSSYLYDAFDI,-0.20708725
408,ARGVGDDSGGYELNWFDP,-0.5719789
409,ARETDSYSSASGSAFDP,-0.46048284
410,ARDRGGNYYDSSGYYYLGPFDI,-0.31762376
411,ARDRSSSWYTLGPFDI,-0.37064508
412,AREVASSGYYYYAPFDY,-0.34631908
413,AREPGYYGSGISNFDY,-0.32264766
414,ARGTTMSSPRRFDP,-0.63445604
415,ARESGYQYGELFDI,-0.45009658
416,AKGGLGYMRYYYYYYGMDV,-0.55124694
417,ARDAGRTDYDYYYYYGMDV,-0.31950003
418,ARGVGDDSGGYELNWFDP,-0.5673402
419,ARDRGGSSYLYDAFDI,-0.20554493
420,SRWGGDGFYAMDY,-0.49644417
421,TRYFFNGWYYFDV,-0.48970672
422,ARYYYGFYYFDY,-0.3496884
423,ARWGNYYYYMDY,-0.42421353
424,ANDIYIQGYDLNR,-0.8422271
425,ARYYGYGGYYFDY,-0.17896731
426,ARWGGDFYAMDY,-0.4592197
427,ARWYGYGGYYFDY,-0.2889357
428,ARYGYAPGFYYMDV,-0.4612615
429,TRWGGYYYFDY,-0.31062528
430,APYGPGYWYGV,-0.9641277
431,ARYYYDYYYYFDY,-0.1407377
432,ARYRHWYYDYDY,-0.4394246
433,ASFLGRGAMDY,-0.5344408
434,ATGSSSSWFDP,-0.5953191
435,AKVSYLSTASSLDY,-0.31259513
436,AREGHTAAPFDY,-0.36650988
437,AKDSNWGNFDL,-0.3084342
438,ARHDIEGFDY,-0.4498927
439,ARRHWPGGFDY,-0.3801343
440,VRYDHYSGSSDY,-0.36525932
441,SRDYGYYFDF,-0.3079823
442,VKGGYYGHWYFDV,-0.3864616
443,ARSRDLLLFPHHALSP,-0.4544297
444,GREGIRYYGLLGDY,-0.4993227
445,AKYPHYYGSSHWYFDV,-0.35249138
446,ARGGWFDY,-0.41385537
447,ATGDTTYKFDF,-0.4604979
448,ARERPLYASDL,-0.45458862
449,ANYGNYWFAY,-0.788359
450,KTHGSHDN,-0.7409256
451,ARRQLYFDY,-0.30792803
452,ARDLRTGPFDY,-0.354287
453,ARYDGIYGELDF,-0.4436195
454,ARGYRSYAMDY,-0.41066682
455,ARALTYYDYEFAY,-0.4803543
456,ARAPLRFLEWSTQDHYYYYYMDV,-0.4283474
457,ARDDSSDWDAKFNL,-0.5188144
458,TRFYSYTY,-0.252632
459,ASGDY,-0.2860296
460,AREGIYW,-0.7188004
461,ARGGGVFDY,-0.20577079
462,ARYGRVFFDY,-0.4196425
463,AKDKILWFGEPVFDY,-0.5074653
464,AKDPGTTVIMSWFDP,-0.63416195
465,VSGMEY,-0.70647407
466,AKILGAGRGWYFDY,-0.45068097
467,ARESRVSFEAAMDY,-0.5141755
468,AKDRLSITIRPRYYGLDV,-0.4635476
469,ARYFFGSSPNWYFDV,-0.37699577
470,ARGIYFYGTTYFDY,-0.39617357
471,AREGDGSGIYYYYGMDV,-0.40620095
472,ARPDGNYWYFDV,-0.5252275
473,ARANWLDY,-0.35074276
474,ARADYYGSDYVKFDY,-0.39950672
475,ARRDITTFY,-0.52103424
476,ARTGSSGYFDF,-0.14670192
477,ARGYGMDV,-0.4322629
478,ARHGDDPAWFAY,-0.6477613
479,STIFGVVTNFDN,-0.8621631
480,AREPEKFDSDDSDV,-0.46065536
481,ARNYVGSIFDY,-0.33617935
482,AKDLGWSDSYYYYYGMDV,-0.48106855
483,AREPLWFGESSPHDYYGMDV,-0.5421549
484,ARQMGYWHFDL,-0.6222276
485,ASTLGLVLDAMDY,-0.5190505
486,ARVYSSGWHVSDYFDY,-0.35452613
487,VRDRLFSVVGMVYNNWFDV,-0.4328638
488,ARWTGRTDAFDI,-0.3709265
489,ARGKGNTHKPYGYVRYFDV,-0.50546664
490,VNGNPWLAY,-0.83853275
491,ARNRYDPPWFVD,-0.7103216
492,ARHRSGYFSMDY,-0.39446816
493,ARGYNWNYFDY,-0.28766492
494,ARDRGIAAGGNYYYYGMDV,-0.3814794
495,ARWYYKPFDV,-0.72662944
496,AREKDNYATGAWFAY,-0.41943485
497,ARLSPGGYYVMDA,-0.75259995
498,SRNYYGSTYDY,-0.20681165
499,TREGYGNYGAWFAY,-0.49435857
500,ARTGWLGPFDY,-0.37195006
501,ARYDYFTGTGVY,-0.43262875
502,EREGGVNN,-0.679145
503,AGDGYYPYAMDN,-0.580718
504,VRRQRFPYYFDY,-0.5056337
505,ARGRPAMDY,-0.46293777
506,ARIPSGSYYYDYDMDV,-0.46681538
507,ASLTTGSDS,-0.46911064
508,ASRDYDYDGRYFDY,-0.39148143
509,AIVGSFSPLTLGL,-0.6969102
510,ARDPPSSLLRLDY,-0.3506326
511,GRHSDGNFAFGY,-0.4528555
512,ARDMIFNFYFDV,-0.5307402
513,ARYYDDHYCLDY,-0.3822867
514,AREGYYGNYGVYAMDY,-0.4023177
515,ARVSIFGVGTFDY,-0.3634299
516,TRQGLWFDSDGRGFDF,-0.5528662
517,ATNDDY,-0.86248416
518,ARNVFDGYWLVY,-0.59671736
519,ARVVYYSNSYWYFDV,-0.44791445
520,AKDIQYGNYYYGMDV,-0.428689
521,ARQSTYYYGSGNYYGWFDR,-0.39585707
522,ARESYYGFTSY,-0.4211369
523,ARGSHYFGHWHFAV,-0.5675187
524,ATYRSYVTPLDY,-0.6526846
525,AKFRQYSGGFDY,-0.4925337
526,ARSVGPFDS,-0.35333443
527,ELMQGY,-0.8382525
528,ARSMITNWYFDV,-0.57392746
529,VRDRVTGAFDI,-0.42466372
530,ARDRYYGPEM,-0.54733217
531,AREGVYHDYDDYAMDY,-0.4348545
532,ARDKWTWYFDL,-0.5122101
533,ARRDYRFDMGFDY,-0.45531029
534,ARNLGPSFYFDY,-0.39712682
535,ARDGSSWDWYFDV,-0.3395906
536,TRRVPIRLDY,-0.7013401
537,ASLYSLPVY,-0.73637897
538,AKPFPYFDY,-0.555869
539,ARVTDAFDI,-0.47184885
540,AKYPYYYGTSHWYFDV,-0.33194256
541,AREYYGYFDY,-0.1748032
542,ARGGYDFWSGYFDY,-0.3286552
543,ARSTYYGGDWYFNV,-0.37109226
544,ARLGNFYYGMDV,-0.5697251
545,ARLGYDDIYDDWYFDV,-0.44142282
546,AKGRDSFDI,-0.32517165
547,VRDYYDILTDYYIHYWYFDL,-0.42326984
548,TRGLKMATIFDY,-0.52347577
549,ARDPIAAGY,-0.5751537
550,ARGLWGYYALDY,-0.42022422
551,ARNWMNFDY,-0.5214739
552,ARQLWGYYALDI,-0.47114933
553,ARGYYDILTGYYYYFDY,-0.32897422
554,ARGGYWYATSYYFDY,-0.36760622
555,ARYYDDHYCLDY,-0.4178474
556,ARRGDSMITTDY,-0.40848616
557,ARGGGGFAY,-0.38679665
558,ARSLARTTAMDY,-0.39866972
559,AREGRIAARGMDV,-0.4988416
560,ARDSSSSWARWFFDL,-0.4653916
561,SRWGGDGFYAMDY,-0.49644417
562,ARDPRGATLYYYYYGMDV,-0.4125297
563,ARDYGPGNYDWYFDL,-0.40593758
564,ARRRPGQGYFDF,-0.43411085
565,ARGGYDGWDYAIDY,-0.3919425
566,ARSTYYGGDWYFDV,-0.36971262
567,ARSAYYDYDGFAY,-0.47104514
568,ARDGITMVRGVMKDYFDY,-0.4527385
569,ARVINWFDP,-0.7952262
570,ARYWYYSAWALDY,-0.5252956
571,ARYWYYSAWALDY,-0.53444993
572,ARYWYYSAWALDY,-0.5206953
573,ARYWYYSAWALDY,-0.5260799
574,ARYWYYSAWALDY,-0.5231279
575,ARYWYYSAWALDY,-0.5152209
576,ARYWYYSAWALDY,-0.53471535
577,ARYWYYSAWALDY,-0.5518452
578,ARYWYYSAWALDY,-0.5354083
579,ARYWYYSAWALDY,-0.5413618
580,ARYWYYSAWALDY,-0.5393643
581,ARYWYYSAWALDY,-0.52946997
582,ARYWYYSAWALDY,-0.5257824
583,ARYWYYSAWALDY,-0.5415038
584,ARYWYYSAWALDY,-0.5270085
585,ARYWYYSAWALDY,-0.53314865
586,ARYWYYSAWALDY,-0.5225731
587,ARYWYYSAWALDY,-0.5364675
588,ARYWYYSAWALDY,-0.55272126
589,ARYWYYSAWALDY,-0.53874844
590,ARYWYYSAWALDY,-0.5460862
591,ARYWYYSAWALDY,-0.5407525
592,ARYWYYSAWALDY,-0.5318031
593,ARYWYYSAWALDY,-0.5408148
594,ARYWYYSAWALDY,-0.557184
595,ARYWYYSAWALDY,-0.5429907
596,ARYWYYSAWALDY,-0.5487589
597,ARYWYYSAWALDY,-0.5460497
598,ARYWYYSAWALDY,-0.5359669
599,ARYWYDSAWALDY,-0.46507537
600,ARYWYESAWALDY,-0.49983913
601,ARYWYGSAWALDY,-0.4072058
602,ARYWYHSAWALDY,-0.56079394
603,ARYWYQSAWALDY,-0.55426896
604,ARYWYSSAWALDY,-0.4973178
605,ARYWYYSAWALDY,-0.5151627
606,ARYWYDSAWALDY,-0.47384965
607,ARYWYESAWALDY,-0.5100698
608,ARYWYGSAWALDY,-0.41363138
609,ARYWYHSAWALDY,-0.5724469
610,ARYWYQSAWALDY,-0.56895566
611,ARYWYSSAWALDY,-0.5112249
612,ARYWYTSAWALDY,-0.53678507
613,ARYWYYSAWALDY,-0.52994335
614,ARYWYDSAWALDY,-0.4652231
615,ARYWYESAWALDY,-0.498632
616,ARYWYGSAWALDY,-0.41155815
617,ARYWYHSAWALDY,-0.5494515
618,ARYWYQSAWALDY,-0.5579391
619,ARYWYSSAWALDY,-0.4944856
620,ARYWYTSAWALDY,-0.5214886
621,ARYWYYSAWALDY,-0.5176006
622,ARYWYDSAWALDY,-0.46544456
623,ARYWYGSAWALDY,-0.4074539
624,ARYWYHSAWALDY,-0.55985016
625,ARYWYQSAWALDY,-0.5579558
626,ARYWYSSAWALDY,-0.49831927
627,ARYWYTSAWALDY,-0.52446103
628,ARYWYYSAWALDY,-0.5212102
629,ARYWYDSAWALDY,-0.4702913
630,ARYWYESAWALDY,-0.5049492
631,ARYWYGSAWALDY,-0.41239086
632,ARYWYHSAWALDY,-0.5701776
633,ARYWYQSAWALDY,-0.5609864
634,ARYWYSSAWALDY,-0.50189185
635,ARYWYTSAWALDY,-0.52521235
636,ARYWYYSAWALDY,-0.5191155
637,ARYWYYSAWALDY,-0.50693136
638,ARYWYYSAWALDY,-0.5164
639,ARYWYYSAWALDY,-0.5164335
640,ARYDYYSAWALDY,-0.35752475
641,ARYGYYSAWALDY,-0.34114176
642,ARYHYYSAWALDY,-0.4520807
643,ARYQYYSAWALDY,-0.3621772
644,ARYSYYSAWALDY,-0.31504348
645,ARYWDYSAWALDY,-0.40443838
646,ARYWEYSAWALDY,-0.46387717
647,ARYWGYSAWALDY,-0.43927765
648,ARYWHYSAWALDY,-0.5243221
649,ARYWQYSAWALDY,-0.5181469
650,ARYWSYSAWALDY,-0.44543558
651,ARYWTYSAWALDY,-0.46823883
652,ARYWYDSAWALDY,-0.4659893
653,ARYWYESAWALDY,-0.5008813
654,ARYWYGSAWALDY,-0.41281053
655,ARYWYHSAWALDY,-0.5613143
656,ARYWYQSAWALDY,-0.55658156
657,ARYWYSSAWALDY,-0.49528986
658,ARYWYTSAWALDY,-0.51999176
659,ARYWYYSAWALDY,-0.5116901
660,ARYWYYSAWALDY,-0.5116901
661,ARYWYYSAWALDY,-0.5116901
662,ARYWYYSAWALDY,-0.5116901
663,ARYWYYSAWALDY,-0.5116901
664,ARYWYYSAWALDY,-0.5116901
665,ARYWYYSAWALDY,-0.5116901
666,ARYWYYSAWALDY,-0.5116901
