sequence,PLL
QVKLQESGAELARPGASVKLSCKASGYTFTNYWMQWVKQRPGQGLDWIGAIYPGDGNTRYTHKFKGKATLTADKSSSTAYMQLSSLASEDSGVYYCARGEGNYAWFAYWGQGTTVTVSS,-0.237804
QVQLQQSGGELAKPGASVKVSCKASGYTFSSFWMHWVRQAPGQGLEWIGYINPRSGYTEYNEIFRDKATMTTDTSTSTAYMELSSLRSEDTAVYYCASFLGRGAMDYWGQGTTVTVSS,-0.21002
QVTLKESGPVLVKPTETLTLTCTVSGFSLTNYHVQWIRQPPGKALEWLGVMWSDGDTSFNSVLKSRLTISRDTSKSQVVLTMTNMDPVDTATYYCARDGTIAAMDYFDYWGQGTLVTVSS,-0.202926
QVQLVQSGAEVKKPGASVKVSCKVSGYTLSDLSIHWVRQAPGKGLEWMGGFDPQDGETIYAQKFQGRVTMTEDTSTDTAYMELSSLKSEDTAVYYCATGSSSSWFDPWGQGTLVTVSS,-0.207688
EVQLVESGGGLVQPGRSLRLSCAASGFTFDDYAMHWVRQAPGKGLEWVSAITWNSGHIDYADSVEGRFTISRDNAKNSLYLQMNSLRAEDTAVYYCAKVSYLSTASSLDYWGQGTLVTVSS,-0.18332
QVQLVESGGGVVQPGRSLRLSCAASGFAFSSYGMHWVRQAPGKGLEWVAVIWFDGTKKYYTDSVKGRFTISRDNSKNTLYLQMNTLRAEDTAVYYCARDRGIGARRGPYYMDVWGKGTTVTVSS,-0.209649
QVQLQESGPGLVRPSQTLSLTCTVSGFTFTDFYMNWVRQPPGRGLEWIGFIRDKAKGYTTEYNPSVKGRVTMLVDTSKNQFSLRLSSVTAADTAVYYCAREGHTAAPFDYWGQGSLVTVSS,-0.257939
EVQLVESGGGLVQPGGSLRLSCAASGFTFNNYAMNWVRQAPGKGLDWVSTISGSGGTTNYADSVKGRFIISRDSSKHTLYLQMNSLRAEDTAVYYCAKDSNWGNFDLWGRGTLVTVSS,-0.146975
QVQLQQSGPELEKPGASVKISCKASGYSFTGYTMNWVKQSHGKSLEWIGLITPYNGASSYNQKFRGKATLTVDKSSSTAYMDLLSLTSEDSAVYFCARGGYDGRGFDYWGSGTPVTVSS,-0.218562
QVQLQESGPGLVKPSETLSLTCTVSGFSLLSYGVHWVRQPPGKGLEWLGVIWTGGTTNYNSALMSRFTISKDDSKNTVYLKMNSLKTEDTAIYYCARYYYGMDYWGQGTLVTVSS,-0.169454
QVELVQSGAEVKKPGESLKISCKGSGYSFTSYWIGWVRQAPGKGLEWMGIIDPGDSRTRYSPSFQGQVTISADKSISTAYLQWSSLKASDTAMYYCARGQLYGGTYMDGWGQGTLVTVSS,-0.25029
EVQLVQSGAEVKKPGESLKISCKGSGYIFTNYWIAWVRQMPGKGLESMGIIYPGDSDIRYSPSFQGQVTISADKSITTAYLQWSSLKASDTAMYYCARHDIEGFDYWGRGTLVTVSS,-0.29733
EVQLVESGGGLVQPGGSLRLSCAASGFTFISYAMSWVRQAPGKGLEWVASISSGGNTYYPDSVKGRFTISRDNAKNSLYLQMNSLRAEDTAVYYCARLDGYYFGFAYWGQGTLVTVSS,-0.195336
EVQLVESGGGLVQPGGSLRLSCAASGFTFSDSWIHWVRQAPGKGLEWVAWISPYGGSTYYADSVKGRFTISADTSKNTAYLQMNSLRAEDTAVYYCARRHWPGGFDYWGQGTLVTVSS,-0.125473
EVQLLESGGGLVQPGGSLRLSCAASGFTFSSYIMMWVRQAPGKGLEWVSSIYPSGGITFYADTVKGRFTISRDNSKNTLYLQMNSLRAEDTAVYYCARIKLGTVTTVDYWGQGTLVTVSS,-0.171959
EVQLLESGGGLVQPGGSLRLSCAASGFTFSNYGMSWVRQAPGKGLEWVASIRSGGGRTYYSDNVKGRFTISRDNSKNTLYLQMNSLRAEDTAVYYCVRYDHYSGSSDYWGQGTLVTVSS,-0.128185
QVQLQQSGTVLARPGASVKMSCKASGYSFTRYWMHWIKQRPGQGLEWIGAIYPGNSDTSYNQKFEGKAKLTAVTSASTAYMELSSLTHEDSAVYYCSRDYGYYFDFWGQGTTLTVSS,-0.255114
EVQLQQSGPELEKPGASVKLSCKASGYSFTGYNMNWVKQSHGKSLEWIGHIDPYYGDTSYNQKFRGKATLTVDKSSSTAYMQLKSLTSEDSAVYYCVKGGYYGHWYFDVWGAGTTVTVSS,-0.200854
QVQLVQSGAEVKKPGSSVKVSCKASGGTFSNYWMHWVRQAPGQGLEWMGATYRGHSDTYYNQKFKGRVTITADKSTSTAYMELSSLRSEDTAVYYCARGAIYDGYDVLDNWGQGTLVTVSS,-0.235501
QVQLQQSGAEVKKPGSSVRVSCKASGGTFNNNAINWVRQAPGQGLEWMGGIIPMFGTAKYSQNFQGRVAITADESTGTASMELSSLRSEDTAVYYCARSRDLLLFPHHALSPWGRGTMVTVSS,-0.304363
QVQLVQSGAEVKKPGSSVKVSCKASGYIFTTYNVHWVRQAPGQGLEWIGSIYPDNGDTSYNQNFKGRATITADKSTSTAYMELSSLRSEDTAVYYCARGDFAYWGQGTLVTVSS,-0.142528
EVQLVQSGAEVKKPGASVKVSCKASGYTFTSYVIHWVRQRPGQGLAWMGYINPYNDGTKYNERFKGKVTITSDRSTSTVYMELSSLRSEDTAVYLCGREGIRYYGLLGDYWGQGTLVTVSS,-0.190648
EVQLVESGGGLVQPGGSLRLSCAASGYTFTNYGMNWVRQAPGKGLEWVGWINTYTGEPTYAADFKRRFTFSLDTSKSTAYLQMNSLRAEDTAVYYCAKYPHYYGSSHWYFDVWGQGTLVTVSS,-0.176273
EVQLVQSGAEVKKSGESLKISCKGSGYSFTSYWIGWVRQMPGKGLEWMGIFYPGDSSTRYSPSFQGQVTISADKSVNTAYLQWSSLKASDTAMYYCARRRNWGNAFDIWGQGTMVTVSS,-0.250553
QVQLVQSGAEVKKPGASVKVSCKASGYTFTSSYINWVRQAPGQGLEWMGTINPVSGSTSYAQKFQGRVTMTRDTSISTAYMELSRLRSDDTAVYYCARGGWFDYWGQGTLVTVSS,-0.126539
EVQLVESGGGLVQPGGSLRLSCAASGFTFSDYNMAWVRQAPGKGLEWVATITYEGRNTYYRDSVKGRFTISRDNAKNSLYLQMNSLRAEDTAVYYCASPPQYYEGSIYRLWFAHWGQGTLVTVSS,-0.239636
QLQLQESGPGLLKPSETLSLTCTVSGGSISSPGYYGGWIRQPPGKGLEWIGSIYKSGSTYHNPSLKSRVTISVDTSKNQFSLKLSSVTAADTAVYYCTRPVVRYFGWFDPWGQGTLVTVSS,-0.290789
QVQLVQSGAEVKKPGASVKVSCKVSGFPIKDTFQHWVRQAPGKGLEWMGWSDPEIGDTEYASKFQGRVTMTEDTSTDTAYMELSSLRSEDTAVYYCATGDTTYKFDFWGQGTTVTVSS,-0.212874
QVQLVQSGAEVKKPGASVKVSCKASGYTFTSYYMHWVRQAPGQGLEWMGEISPFGGRTNYNEKFKSRVTMTRDTSTSTVYMELSSLRSEDTAVYYCARERPLYASDLWGQGTTVTVSS,-0.146835
QVQLVESGGGVVQPGRSLRLSCAASGFTFSSYGMHWVRQAPGKGLEWVAVIWYDGSNEYYADSVKGRFTISRDNSKNTLYLQMNSLRAEDTAVYYCARDRGYTSSWYPDAFDIWGQGTMVTVSS,-0.126476
QIQLQQSGPEVVKPGASVKISCKASGYTFTDYYITWVKQKPGQGLEWIGWIYPGSGNTKYNEKFKGKATLTVDTSSSTAFMQLSSLTSEDTAVYFCANYGNYWFAYWGQGTQVTVSA,-0.186783
QVQLVESGGGVVQPGRSLRLSCAASGFTFSSYGMHWVRQAPGKGLEWVAFIRYDGSNKYYADSVKGRFTISRDNSKNTLYLQMNSLRAEDTAVYYCKTHGSHDNWGQGTMVTVSS,-0.147794
QVQLVQSGAEVKKPGASVKVSCKASGYTFTRYGISWVRQAPGQGLEWMGWISTYSGNTNYAQKLQGRVTMTTDTSTSTAYMELRSLRSDDTAVYYCARRQLYFDYWGQGTLVTVSS,-0.107627
QVQLVQSGAEVKKPGASVKISCKVSGYTLRGYWIEWVRQAPGKGLEWIGQILPGTGRTNYNEKFKGRVTMTADTSTDTAYMELSSLRSEDTAVYYCARFDGNYGYYAMDYWGQGTTVTVSS,-0.195883
EIQLVQSGAEVKKPGSSVKVSCKASGYTFTHYGMNWVRQAPGQGLEWVGWVNTYTGEPTYADDFKGRLTFTLDTSTSTAYMELSSLRSEDTAVYYCTREGEGLGFGDWGQGTTVTVSS,-0.280521
QVQLVQSGAEVKKPGASVKVSCKASGYTFTNHYMHWVRQAPGQGLEWMGIINPISGSTSNAQKFQGRVTMTRDTSTSTVYMELSSLRSEDTAVYYCARDIVDAFDFWGQGTMVTVSS,-0.154762
QVQLVQSGAEVKKPGSSVKVSCKASGYTFTDNYMIWVRQAPGQGLEWMGDINPYNGGTTFNQKFKGRVTITADKSTSTAYMELSSLRSEDTAVYYCARESPYFSNLYVMDYWGQGTLVTVSS,-0.16043
QVQLVQSGAEVKKPGSSVKVSCKASGGTFSRYIINWVRQAPGQGLEWMGRIIPILGVENYAQKFQGRVTITADKSTSTAYMELSSLRSEDTAVYYCARKDWFDYWGQGTLVTVSS,-0.245949
EVQLVESGGGLVQPGGSLRLSCAASGFTFSSYMMSWVRQAPGKGLEWVATISGGGANTYYPDSVKGRFTISRDNAKNSLYLQMNSLRAEDTAVYYCARQLYYFDYWGQGTTVTVSS,-0.124047
QVQLVQSGAEVKKPGSSVKVSCKASGGTFSSYGISWVRQAPGQGLEWMGGIIPIFGTANYAQKFQGRVTITADESTSTAYMELSSLRSEDTAVYYCARYDGIYGELDFWGQGTLVTVSS,-0.213969
EVQLLESGGVLVQPGGSLRLSCAASGFTFSNFGMTWVRQAPGKGLEWVSGISGGGRDTYFADSVKGRFTISRDNSKNTLYLQMNSLKGEDTAVYYCVKWGNIYFDYWGQGTLVTVSS,-0.19626
EVQLVESGGGLVQPGGSLRLSCAASGYVFTDYGMNWVRQAPGKGLEWMGWINTYIGEPIYADSVKGRFTFSLDTSKSTAYLQMNSLRAEDTAVYYCARGYRSYAMDYWGQGTLVTVSS,-0.163024
QVQLVQSGAEVKKPGSSVKVSCKASGGTFSSYAISWVRQAPGQGLEWMGGIIPIFDTANYAQKFQGRVTITADESTSTAYMELSSLRSEDTAVYYCARPGLAAAYDTGSLDYWGQGTLVTVSS,-0.229329
QVQLKQSGPGLVQPSQSLSITCTVSGFSLTNYGVHWVRQSPGKGLEWLGVIWSGGNTDYNTPFTSRLSINKDNSKSQVFFKMNSLQSNDTAIYYCARALTYYDYEFAYWGQGTLVTVSA,-0.20429
EVQLVQSGAEVKKPGSSVKVSCKASGGTFSSYAISWVRQAPGQGLEWMGGIIPIFGTANYAQKFQGRVTITADKSTSTAYMELSSLRSEDTAVYYCARAPLRFLEWSTQDHYYYYYMDVWGKGTTVTVSS,-0.236857
EVQLVESGGGLVQPGGSLRLSCAASGFSLSNYYVTWVRQAPGKGLEWVGIIYGSDETAYATSAIGRFTISRDNSKNTLYLQMNSLRAEDTAVYYCARDDSSDWDAKFNLWGQGTLVTVSS,-0.241946
QVQLVQSGAEVKKPGASVKVSCKASGYTFTDYEMHWVRQAPGQGLEWMGALDPKTGDTAYSQKFKGRVTLTADKSTSTAYMELSSLTSEDTAVYYCTRFYSYTYWGQGTLVTVSS,-0.136361
QVQLVQPGAEVVKPGASVKLSCKTSGYTFTSNWMHWVKQAPGQGLEWIGEIDPSDSYTNYNQNFQGKAKLTVDKSTSTAYMEVSSLRSDDTAVYYCARGSNPYYYAMDYWGQGTSVTVSS,-0.242051
EVQLVESGGGLVKPGGSLRLSCAASGFTFSNYAMSWVRQTPEKRLEWVATISRSGSYSYFPDSVQGRFTISRDNAKNSLYLQMNSLRAEDTAVYYCARLGGYDEGDAMDSWGQGTTVTVSS,-0.221425
EVQLVESGGGLVQPGGSLRLSCAASGFTFSSYGMSWVRQAPGKGLELVASINSNGGSTYYPDSVKGRFTISRDNAKNSLYLQMNSLRAEDTAVYYCASGDYWGQGTTVTVSS,-0.167007
QVQLVQSGAEVKKPGASVKVSCKVSGYTFTSYDINWVRQAPGKGLEWMGWIYPGDGSIKYNEKFKGRVTMTVDKSTDTAYMELSSLRSEDTAVYYCARRGEYGNYEGAMDYWGQGTLVTVSS,-0.159956
EVQLVESGGGLVQPGGSLRLSCAASGFTFSVYYMNWVRQAPGKGLEWVSDINNEGGTTYYADSVKGRFTISRDNSKNSLYLQMNSLRAEDTAVYYCARDAGYSNHVPIFDSWGQGTLVTVSS,-0.167305
EVQLVESGGGLVQPGGSLRLSCAASGYSFTGYYIHWVRQAPGKGLEWVARVIPNAGGTSYNQKFKGRFTLSVDNSKNTAYLQMNSLRAEDTAVYYCAREGIYWWGQGTLVTVSS,-0.155783
QVQLVQSGAEVKKPGSSVKVSCKASGYTFTSYRMHWVRQAPGQGLEWIGYINPSTGYTEYNQKFKDKATITADESTNTAYMELSSLRSEDTAVYYCARGGGVFDYWGQGTLVTVSS,-0.099784
QVQLQESGPGLVKPSETLSLTCTVSGYSITGGYLWNWIRQPPGKGLEWIGYISYDGTNNYKPSLKDRVTISRDTSKNQFSLKLSSVTAADTAVYYCARYGRVFFDYWGQGTLVTVSS,-0.175574
EVQLLESGGGLVQPGGSLRLSCAVSGFTFNSFAMSWVRQAPGKGLEWVSAISGSGGGTYYADSVKGRFTISRDNSKNTLYLQMNSLRAEDTAVYFCAKDKILWFGEPVFDYWGQGTLVTVSS,-0.143009
EVQLLESGGGLVQPGGSLRLSCAASGFTFSSYAMSWVRQAPGKGLEWVSGITGSGGSTYYADSVKGRFTISRDNSKNTLYLQMNSLRAEDTAVYYCAKDPGTTVIMSWFDPWGQGTLVTVSS,-0.142906
QVQLQESGPGLVKPSQTLSLTCTVSGYSISSDFAWNWIRQPPGKGLEWMGYISYSGNTRYQPSLKSRITISRDTSKNQFFLKLNSVTAADTATYYCVTAGRGFPYWGQGTLVTVSS,-0.239438
EVQLLQSGPELEKPGASVMISCKASGSSFTGYNMNWVRQNIGKSLEWIGAIDPYYGGTSYNQKFKGRATLTVDKSSSTAYMHLKSLTSEDSAVYYCVSGMEYWGQGTSVTVSS,-0.252291
EVQLLESGGGLVQPGGSLRLSCAASGFTFSSYAMSWVRQAPGKGLEWVSTISSGGSYTSYPDSVKGRFTISRDNSKNTLYLQMNSLRAEDTAVYYCAKQDYAMNYWGQGTLVTVSS,-0.131671
EVQLLESGGGLVQPGGSLRLSCAASGFTFSSYDMSWVRQAPGKGLEWVSTISGGGSYTYYQDSVKGRFTISRDNSKNTLYLQMNSLRAEDTAVYYCASPYYAMDYWGQGTTVTVSS,-0.155651
EVQLVESGGGLVQPGGSLRLSCAASGFTLSGDWIHWVRQAPGKGLEWVGEISAAGGYTDYADSVKGRFTISADTSKNTAYLQMNSLRAEDTAVYYCARESRVSFEAAMDYWGQGTLVTVSS,-0.143211
EVQLVESGGGLEQPGGSLRLSCAGSGFTFRDYAMTWVRQAPGKGLEWVSSISGSGGNTYYADSVKGRFTISRDNSKNTLYLQMNSLRAEDTAVYYCAKDRLSITIRPRYYGLDVWGQGTTVTVSS,-0.164517
EVQLVESGGGLVQPGGSLRLSCAASGFTFSRYWMSWVRQAPGKGLEWVANIKQDGSEKYYVDSVKGRFTISRDNAKNSLYLQMNSLRAEDTAVYYCAREGGWFGELAFDYWGQGTLVTVSS,-0.16887
QVQLVQSGAEVKKPGASVKVSCKASGYIFSNYWIQWVRQAPGQGLEWMGEILPGSGSTEYTENFKDRVTMTRDTSTSTVYMELSSLRSEDTAVYYCARYFFGSSPNWYFDVWGQGTLVTVSS,-0.1687
EVQLVESGGGLVQPGGSLRLSCAASGYSFTGHWMNWVRQAPGKGLEWVGMIHPSDSETRYNQKFKDRFTISVDKSKNTLYLQMNSLRAEDTAVYYCARGIYFYGTTYFDYWGQGTLVTVSS,-0.142898
QMQLVESGGGVVQPGRSLRLSCTASGFTFSNNGMHWVRQAPGKGLEWVAVIWFDGMNKFYVDSVKGRFTISRDNSKNTLYLEMNSLRAEDTAIYYCAREGDGSGIYYYYGMDVWGQGTTVTVSS,-0.253642
EVQLVQSGAEVKKPGASVKVSCKASGYTFTSHGISWVRQAPGQGLDWMGWISPYSGNTNYAQKLQGRVTMTTDTSTSTAYMELSSLRSEDTAVYYCARVGSGPYYYMDVWGQGTLVTVSS,-0.105356
EVQLVESGGGLVQPGGSLRLSCAASGFDFSRYWMSWVRQAPGKGLEWIGEINPDSSTINYAPSLKDKFIISRDNAKNSLYLQMNSLRAEDTAVYYCARPDGNYWYFDVWGQGTLVTVSS,-0.163811
QVQLVQSGAEVKKPGASVKVSCKASGYTFTSYDISWVRQAPGQGLEWMGVIWTDGGTNYAQKLQGRVTMTTDTSTSTAYMELRSLRSDDTAVYYCARDQRLYFDVWGQGTTVTVSS,-0.150444
EVQLLESGGGLVQPGGSLRLSCAASGFTFSSYAMSWVRQAPGKGLEWVSAISGSGGSTYYADSVKGRFTISRDNSKNTLYLQMNSLRAEDTAVYYCAKDGSSGWYVPHWFDPWGQGTLVTVSS,-0.131649
QVQLVQSGAEVKKPGASVKVSCKASGYTFTDYYMHWVRQAPGQGLEWMGRVNPNRRGTTYNQKFEGRVTMTTDTSTSTAYMELRSLRSDDTAVYYCARANWLDYWGQGTTVTVSS,-0.123515
EVQLVESGGGLVQPGGSLRLSCAASGFTFSSYWMSWVRQAPGKGLEWVAEIRLKSDNYATHYAESVKGRFTISRDDSKNSLYLQMNSLRAEDTAVYYCTGYYADAMDYWGQGTLVTVSS,-0.165719
QVQLVQSGAEVKKPGSSVKVSCKASGGTFSYYWIEWVRQAPGQGLEWMGEILPGSGTTNPNEKFKGRVTITADESTSTAYMELSSLRSEDTAVYYCARADYYGSDYVKFDYWGQGTLVTVSS,-0.261432
QVQLVQSGAEVKKPGSSVKVSCKASGYTFTSYWLHWVRQAPGQGLEWIGYINPRNDYTEYNQNFKDKATITADESTNTAYMELSSLRSEDTAFYFCARRDITTFYWGQGTTVTVSS,-0.191102
EVQLVESGGGLVQPGGSLRLSCAVSGIDLSGYYMNWVRQAPGKGLEWVGVIGINGATYYASWAKGRFTISRDNSKTTVYLQMNSLRAEDTAVYFCARGDIWGQGTLVTVSS,-0.209888
QVQLVESGGGVVQPGRSLRLSCAASGFTFSSFGMHWVRQAPGKGLEWVAVISFDGSIKYSVDSVKGRFTISRDNSKNTLFLQMNSLRAEDTAVYYCARDRLNYYDSSGYYHYKYYGMAVWGQGTTVTVSS,-0.20658
QVQLVESGGGVVQPGRSLRLSCAASGFTFSSYDMSWVRQAPGKGLEWVAKVSSGGGSTYYLDTVQGRFTISRDNSKNTLYLQMNSLRAEDTAVYYCARHLHGSFASWGQGTTVTVSS,-0.222522
EVQLVESGGGLVQPGGSLRLSCAASGFFITNNYWGWVRQAPGKGLEWVGYISYSGSTSYNPSLKSRFTISRDTSKNTFYLQMNSLRAEDTAVYYCARTGSSGYFDFWGQGTLVTVSS,-0.178195
EVQLVESGGGVIQPGGSLRLSCAASGFTFDDYAMNWVRQGPGKGLEWVSAISGDGGSTYYADSVKGRFTISRDNSKNSLYLQMNSLRAEDTAFFYCAKDLRNTIFGVVIPDAFDIWGQGTMVTVSS,-0.232405
EVQLVQSGAEVKKPGASVKVSCKASGYTLTSYGISWVRQAPGQGLEWMGWVSFYNGNTNYAQKLQGRGTMTTDPSTSTAYMELRSLRSDDTAVYYCARGYGMDVWGQGTTVTVSS,-0.225849
EVQLVESGGGVVQPGRSLRLSCSASGFTFSGYGLSWVRQAPGKGLEWVAMISSGGSYTYYADSVKGRFAISRDNAKNTLFLQMDSLRPEDTGVYFCARHGDDPAWFAYWGQGTPVTVSS,-0.228299
QVQLVQSGAEVKKPGASVKVSCKVSGFTLTELSIHWVRQAPGKGLEWMGGFDPEDGETIYAQKFQGRVTMTEDTSTDTAYMELTSLRSEDTAVYYCSTIFGVVTNFDNWGQGTLVTVSS,-0.230858
QVQLVQSGAEVKKPGASVKVSCKASGYTFTNYYMHWVRQAPGQGLEWVGWINPYTGSAFYAQKFRGRVTMTRDTSISTAYMELSRLRSDDTAVYYCAREPEKFDSDDSDVWGRGTLVTVSS,-0.196337
QVQLVQPGAEVKKPGTSVKLSCKASGYTFTTYWMHWVRQAPGQGLEWIGEINPTNGHTNYNQKFQGRATLTVDKSTSTAYMELSSLRSEDTAVYYCARNYVGSIFDYWGQGTLLTVSS,-0.146629
EVQLLESGGGLVQPGGSLRLSCTASGFTFSSYAMNWVRQAPGKGLEWVSAISGSGGTTFYADSVKGRFTISRDNSRTTLYLQMNSLRAEDTAVYYCAKDLGWSDSYYYYYGMDVWGQGTTVTVSS,-0.16436
QVQLVQSGAEVKRPGASVKVSCKASGYTFTNDIIHWVRQAPGQRLEWMGWINAGYGNTQYSQNFQDRVSITRDTSASTAYMELISLRSEDTAVYYCAREPLWFGESSPHDYYGMDVWGQGTTVTVSS,-0.207535
QVQLVESGGGVVQPGRSLRLSCAASGFKFSGYGMHWVRQAPGKGLEWVAVIWYDGSKKYYVDSVKGRFTISRDNSKNTLYLQMNSLRAEDTAVYYCARQMGYWHFDLWGRGTLVTVSS,-0.224287
EVQLVESGGGLVQPGGSLRLSCAASGFTFSNYWISWVRQAPGKGLEWVAEIRSESDASATHYAEAVKGRFTISRDNAKNSLYLQMNSLRAEDTAVYYCLAYFDYGLAIQNYWGQGTLVTVSS,-0.168986
QVQLVQSGAEVKKPGSSVKVSCKASGYTFSSNVISWVRQAPGQGLEWMGGVIPIVDIANYAQRFKGRVTITADESTSTTYMELSSLRSEDTAVYYCASTLGLVLDAMDYWGQGTLVTVSS,-0.222832
EVQLVESGGGLVQPGGSLRLSCAASGFTLRSYSMNWVRQAPGKGLEWVSYISRSSHTIFYADSVKGRFTISRDNAKNSLYLQMDSLRDEDTAMYYCARVYSSGWHVSDYFDYWGQGILVTVSS,-0.229967
QVQLVQSGAEVKKPGSSVKVSCKASGYTFGNYWMQWVRQAPGQGLEWMGAIYEGTGKTVYIQKFADRVTITADKSTSTAYMELSSLRSEDTAVYYCARLSDYVSGFGYWGQGTTVTVSS,-0.214928
QVQLQESGPGLVKPSETLSLTCAVSGGSISGGYGWGWIRQPPGKGLEWIGSFYSSSGNTYYNPSLKSQVTISTDTSKNQFSLKLNSMTAADTAVYYCVRDRLFSVVGMVYNNWFDVWGPGVLVTVSS,-0.223381
QVQLQESGPGLVKPSGTLSLTCAVSGGSISSSNWWSWVRQPPGKGLEWIGEIYHSGSTNYNPSLKSRVTISVDKSKNQFSLKLSSVTAADTAVYYCARWTGRTDAFDIWGQGTMVTVSS,-0.176558
QVELVESGGGLVQPGGSLRLSCAASGFTFSSYAMSWVRQAPGKGLEWVSAINASGTRTYYADSVKGRFTISRDNSKNTLYLQMNSLRAEDTAVYYCARGKGNTHKPYGYVRYFDVWGQGTLVTVSS,-0.165927
EVQLVESGGGLVQPGGSMRLSCVASGFPFSNYWMNWVRQAPGKGLEWVGEIRLKSNNYTTHYAESVKGRFTISRDDSKNSLYLQMNSLKTEDTAVYYCTRHYYFDYWGQGTLVTVSS,-0.161484
EVQLVQSGAEVKKPGSSVKVSCKASGYTITDSNIHWVRQAPGQSLEWIGYIYPYNGGTDYNQKFKNRATLTVDNPTNTAYMELSSLRSEDTAFYYCVNGNPWLAYWGQGTLVTVSS,-0.219238
QVQLQESGPGLVKPSQTLSLTCSFSGFSLSTSGMGVGWIRQPSGKGLEWLAHIWWDGDESYNPSLKSRLTISKDTSKNQVSLKITSVTAADTAVYFCARNRYDPPWFVDWGQGTLVTVSS,-0.211644
EVQLVESGGGLVQPGGSLRLSCAASGFTFSRHWMHWLRQVPGKGPVWVSRINGAGTSITYADSVRGRFTISRDNANNTLFLQMNSLRADDTALYFCARANSVWFRGLFDYWGQGTPVTVSS,-0.218873
DVKLVESGGGLVKLGGSLKLSCAASGFTFSNYYMSWVRQTPEKRLELVAAINSDGGITYYLDTVKGRFTISRDNAKNTLYLQMSSLKSEDTALFYCARHRSGYFSMDYWGQGTSVTVSS,-0.263414
QVQLQESGPGLVKPSQTLSLTCTVSGGSISSFNYYWSWIRHHPGKGLEWIGYIYYSGSTYSNPSLKSRVTISVDTSKNQFSLTLSSVTAADTAVYYCARGYNWNYFDYWGQGTLVTVSS,-0.233242
QVQLVESGGGVVQPGRSLRLSCAASGFIFSSYAMHWVRQAPGNGLEWVAFMSYDGSNKKYADSVKGRFTISRDNSKNTLYLQMNSLRAEDTAVYYCARDRGIAAGGNYYYYGMDVWGQGTTVTVSS,-0.177978
EVQLVQSGAEVKKPGESLKISCKGSGYSFSNYWIGWVRQMPGKGLEWMGIIDPSNSYTRYSPSFQGQVTISADKSISTAYLQWSSLKASDTAMYYCARWYYKPFDVWGQGTLVTVSS,-0.251929
QVQLQQSGPGLVKPSQTLSLTCAISGDSVSSNSAAWGWIRQSPGRGLEWLGRIYYRSKWYNSYAVSVKSRITINPDTSKNQFSLQLNSVTPEDTAVYYCARYQWVPKIGVFDSWGQGTLVTVSS,-0.297478
QVQLQQSGPEVVKPGASVKMSCKASGYTFTSYVIHWVRQKPGQGLDWIGYINPYNDGTDYDEKFKGKATLTSDTSTSTAYMELSSLRSEDTAVYYCAREKDNYATGAWFAYWGQGTLVTVSS,-0.156136
QAQVVESGGGVVQSGRSLRLSCAASGFAFSSYGMHWVRQAPGKGLEWVAVIWYDGSNKYYADSVRGRFTISRDNSENTLYLQMNSLRAEDTAVYYCARDHYGSGVHHYFYYGLDVWGQGTTVTVSS,-0.202038
QVQLVQSGAEVKKPGSSVKVSCKASGFTFTDYKIHWVRQAPGQGLEWMGYFNPNSGYSTYAQKFQGRVTITADKSTSTAYMELSSLRSEDTAVYYCARLSPGGYYVMDAWGQGTTVTVSS,-0.191926
EVQLVESGGGLVRPGGSLRLSCAASGFTFSNYDMHWVRQATGKGLEWVSAITAAGDIYYPGSVKGRFTISRENAKNSLYLQMNSLRAGDTAVYYCARGRYSGSGSYYNDWFDPWGQGTLVTVSS,-0.247598
EVQLVESGGGLVQPGGSLRLSCAASGFTFSSSWMNWVRQAPGKGLEWVGRIYPGDGDTNYNVKFKGRFTISRDDSKNSLYLQMNSLKTEDTAVYYCARSGFITTVRDFDYWGQGTLVTVSS,-0.144434
EVKLEESGGGLVQPGGSMKLSCVASGFIFSNHWMNWVRQSPEKGLEWVAEIRSKSINSATHYAESVKGRFTISRDDSKSAVYLQMTDLRTEDTGVYYCSRNYYGSTYDYWGQGTTLTVSS,-0.185115
EVQLVQSGAEVKKPGASVKVSCKASGYRFTNYWIHWVRQAPGQGLEWIGGINPGNNYATYRRKFQGRVTMTADTSTSTVYMELSSLRSEDTAVYYCTREGYGNYGAWFAYWGQGTLVTVSS,-0.198166
QVQLVESGGGVVQPGRSRRLSCAASGFTFSRYTMHWVRQAPGKGLEWVAVISFDGSNKYYVDSVKGRFTISRDNSENTLYLQVNILRAEDTAVYYCAREARGSYAFDIWGQGTMVTVSS,-0.314797
QVQLVESGGGVVQPGRSLRLSCAASGFTFSSYTMHWVRQAPGKGLEWVTFISYDGNNKYYADSVKGRFTISRDNSKNTLYLQMNSLRAEDTAIYYCARTGWLGPFDYWGQGTLVTVSS,-0.125548
QVQLVQSGAEVAKPGTSVKLSCKASGYTFTDYWMQWVKQRPGQGLEWIGTIYPGDGDTGYAQKFQGKATLTADKSSKTVYMHLSSLASEDSAVYYCARGDYYGSNSLDYWGQGTSVTVSS,-0.216667
QVQLVESGGGVVQPGRSLRLSCAASGFTFSSYGMHWVRQAPGKGLEWVAVISYEESNRYHADSVKGRFTISRDNSKITLYLQMNSLRTEDTAVYYCARDGGIAAPGPDYWGQGTLVTVSS,-0.196359
EVQLVESGGGLVKPGGSLKLSCAASGFKFSRYAMSWVRQAPGKRLEWVATISSGGSYIYYPDSVKGRFTISRDNVKNTLYLQMSSLRSEDTAMYYCARRDYDLDYFDSWGQGTLVTVSS,-0.205745
QVQLVQSGAEVKKPGSSVKVSCKASGYSFTDYHIHWVRQAPGQGLEWMGVINPMYGTTDYNQRFKGRVTITADESTSTAYMELSSLRSEDTAVYYCARYDYFTGTGVYWGQGTLVTVSS,-0.176045
QVQLVQSGAEVKKPGASVKVSCKASGLTIEDYYMHWVRQAPGQGLEWMGWIDPENGDTEYGPKFQGRVTMTRDTSINTAYMELSRLRSDDTAVYYCAVHNAHYGTWFAYWGQGTLVTVSS,-0.226645
EVQLVQSGPELKKPGASVKVSCKASGYTFTNYGMNWVRQAPGQGLEWMGWINTYTGETTYADDFKGRFVFSLDTSVSTAYLQISSLKAEDTAVYYCEREGGVNNWGQGTLVTVSS,-0.266439
EVQLLESGGGLVQPGGSLRLSCAASGFTFSHYIMMWVRQAPGKGLEWVSGIYSSGGITVYADSVKGRFTISRDNSKNTLYLQMNSLRAEDTAVYYCAYRRIGVPRRDEFDIWGQGTMVTVSS,-0.201254
EVQLVESGGGLVQPGGSLRLSCAASGLTFSRYPMSWVRQAPGKGLVWVSAITSSGGSTYYSDTVKGRFTISRDNAKNTLYLQMNSLRAEDTAVYYCARLPDYWGQGTLVTVSS,-0.192816
QVTLRESGPALVKPTQTLTLTCTVSGFSLSAYSVNWIRQPPGKALEWLAMIWGDGKIVYNSALKSRLTISKDTSKNQVVLTMTNMDPVDTATYYCAGDGYYPYAMDNWGQGSLVTVSS,-0.227133
QVQLVQSGAEVKKPGASVKVSCKASGYSFTNYYIHWVRQAPGQRLEWMGWINAGNGNTKYSQKFQGRVTITRDTSASTAYMELSSLRSEDTAVYYCVRRQRFPYYFDYWGQGTLVTVSS,-0.120902
EVQLVQSGGGVERPGGSLRLSCAASGFTFDDYGMSWVRQAPGKGLEWVSGINWNGGSTGYADSVKGRVTISRDNAKNSLYLQMNSLRAEDTAVYYCAKILGAGRGWYFDLWGKGTTVTVSS,-0.193035
QVQLVQSGAEVMKPGSSVKVSCKASGYTFSWYWLEWVRQAPGHGLEWMGEIDPGTFTTNYNEKFKARVTFTADTSTSTAYMELSSLRSEDTAVYYCARFSHFSGSNYDYFDYWGQGTLVTVSS,-0.278118
QVQLVQSGAEVKKPGSSVKVSCKASGYTFTDYNMHWVRQAPGQGLEWIGYIYPYNGGTGYNQKFKSKATITADESTNTAYMELSSLRSEDTAVYYCARGRPAMDYWGQGTLVTVSS,-0.112728
QVQLVQSGAEVKKPGSSVKVSCKASGGTFSFYAISWVRQAPGQGLEWMGGFIPIFGAANYAQKFQGRVTITADESTSTAYMELSSLRSDDTAVYYCARIPSGSYYYDYDMDVWGQGTTVTVSS,-0.268214
QVQLVQPGAEVVKPGASVKLSCKTSGYTFTSNWMHWVKQAPGQGLEWIGEIDPSDSYTNYNQNFQGKAKLTVDKSTSTAYMEVSSLRSDDTAVYYCARGSNPYYYAMDYWGQGTSVTVSS,-0.242051
QVQLVESGGGVVQPGRSLRLSCAASGFTFSSFGMHWVRQAPGKGLEWVAYISSGSFTIYYADSVKGRFTISRDNSKNTLYLQMNSLRAEDTAVYYCARMRKGYAMDYWGQGTLVTVSS,-0.178699
QVQLVESGGGVVQPGRSLRLSCAASGFTFSSYGMHWVRQAPGKGLEWVAVISYEESNRYHADSVKGRFTISRDNSKITLYLQMNSLRTEDTAVYYCARDGGIAAPGPDYWGQGTLVTVSS,-0.196359
EVQLVESGGGLAKPGGSLRLSCAASGFRFTFNNYYMDWVRQAPGQGLEWVSRISSSGDPTWYADSVKGRFTISRENANNTLFLQMNSLRAEDTAVYYCASLTTGSDSWGQGVLVTVSS,-0.211414
QVQLVQSGAEVKKPGASVKVSCKASGYTFRSSYISWVRQAPGQGLEWMGWIYAGTGSPSYNQKLQGRVTMTTDTSTSTAYMELRSLRSDDTAVYYCARHRDYYSNSLTYWGQGTLVTVSS,-0.151351
QVQLQQSGPELVKPGASLKLSCTASGFNIKDTYIHWVKQRPEQGLEWIGRIYPTNGYTRYDPKFQDKATITADTSSNTAYLQVSRLTSEDTAVYYCSRWGGDGFYAMDYWGQGASVTVSS,-0.24085
QVQLVQSGAEVKKPGASVKVSCKASGYTFTSHWMHWVRQAPGQGLEWIGEFNPSNGRTNYNEKFKSKATMTVDTSTNTAYMELSSLRSEDTAVYYCASRDYDYDGRYFDYWGQGTLVTVSS,-0.147285
QVQLVQSGAEVKKPGASVKVSCKVSGYTLTELSIHWVRQAPGKGLEWMGGFDPEENEIVYAQRFQGRVTMTEDTSTDTAYMELSSLRSEDTAVYYCAIVGSFSPLTLGLWGQGTMVTVSS,-0.20742
QVTLRESGPALVKPTQTLTLTCTVSGFSLTSYSVHWVRQPPGKGLEWLGVIWASGGTDYNSALMSRLSISKDTSRNQVVLTMTNMDPVDTATYYCARDPPSSLLRLDYWGRGTPVTVSS,-0.250148
QVQLQQSGSELKKPGASVKVSCKASGYTFTNYGVNWIKQAPGQGLQWMGWINPNTGEPTFDDDFKGRFAFSLDTSVSTAYLQISSLKADDTAVYFCSRSRGKNEAWFAYWGQGTLVTVSS,-0.221915
QVQLVQSGAEVKKPGSSVKVSCKASGYKFTRYVMHWVRQAPGQGLEWMGYINPYNDGTNYNEKFKGRVTITADKSTSTAYMELSSLRSEDTAVYYCARNWDTGLWGQGTTVTVSS,-0.135575
QVQLVQSGAEVVKPGASVKISCKASGYTFTGYFMNWVKQSPGQSLEWIGRIHPYDGDTFYNQKFQGKATLTVDKSSNTAHMELLSLTSEDFAVYYCTRYDGSRAMDYWGQGTTVTVSS,-0.182205
EVQLLESGGGLVQPGGSLRLSCAASGFTFSTYGMHWVRQAPGKGLEWLSYISGGSSYIFYADSVRGRFTISRDNSENALYLQMNSLRAEDTAVYYCARILRGGSGMDLWGQGTLVTVSS,-0.184306
EVQLVESGGDLVQPGRSLRLSCAASGFIFSNYGMSWVRQAPGKGLEWVATISSASTYSYYPDSVKGRFTISRDNAKNSLYLQMNSLRVEDTALYYCGRHSDGNFAFGYWGQGTLVTVSS,-0.193295
QVQLVQSGAEVKKPGASVKVSCKASGYTFTSYWMNWVRQAPGQGLEWMGRIDPYDSETHYAQKLQGRVTMTTDTSTSTAYMELRSLRSDDTAVYYCARGGYDFDVGTLYWFFDVWGQGTTVTVSS,-0.159363
EVQLVQSGAEVKKPGASVKVSCKASGYTFTNYYIHWVRQAPGQGLEWIGWIYPGDGNTKYNEKFKGRATLTADTSTSTAYLELSSLRSEDTAVYYCARDSYSNYYFDYWGQGTLVTVSS,-0.106132
QVTLRESGPALVKPTQTLTLTCTFSGFSLSTAGMSVGWIRQPPGKALEWLADIWWDDKKHYNPSLKDRLTISKDTSKNQVVLKVTNMDPADTATYYCARDMIFNFYFDVWGQGTTVTVSS,-0.226524
QVQLQQSGAELARPGASVKMSCKASGYTFTRYTMHWVKQRPGQGLEWIGYINPSRGYTNYNQKFKDKATLTTDKSSSTAYMQLSSLTSEDSAVYYCARYYDDHYCLDYWGQGTTLTVSS,-0.136828
QVQLVQSGAEVKKPGASVKVSCKASGFNIKDTYIHWVRQAPGQRLEWMGRIDPANGYTKYDPKFQGRVTITADTSASTAYMELSSLRSEDTAVYYCAREGYYGNYGVYAMDYWGQGTLVTVSS,-0.181395
QVQLQESGPGLVKPSQTLSLTCTVSGGSISSGDYYWSWIRQPPGKGLEWIGYIYYSGSTDYNPSLKSRVTMSVDTSKNQFSLKVNSVTAADTAVYYCARVSIFGVGTFDYWGQGTLVTVSS,-0.167404
EVQLVESGGGLVQPGGSLRLSCAASGFTFSSYDIHWVRQATGKGLEWVSAIGPAGDTYYPGSVKGRFTISRENAKNSLYLQMNSLRAGDTAVYYCARGLITFGGLIAPFDYWGQGTLVTVSS,-0.22133
QVQLQQSGAEVKKPGSSVKVSCKASGYTFTNYYIYWVRQAPGQGLEWIGGINPTSGGSNFNEKFKTRVTITADESSTTAYMELSSLRSEDTAFYFCTRQGLWFDSDGRGFDFWGQGTTVTVSS,-0.253964
QVQLVESGGGVVQPGRSLRLDCKASGITFSNSGMHWVRQAPGKGLEWVAVIWYDGSKRYYADSVKGRFTISRDNSKNTLFLQMNSLRAEDTAVYYCATNDDYWGQGTLVTVSS,-0.201778
EVQLVESGGGLVKPGGSLKLSCAASGYTFTSYVMHWVRQAPGKGLEWIGYINPYNDGTKYNEKFQGRVTISSDKSISTAYMELSSLRSEDTAMYYCARGTYYYGTRVFDYWGQGTLVTVSS,-0.143035
QVQLQQSGPELKKPGASVKVSCKDSGYAFSSSWMNWVRQAPGQGLEWIGRIYPGDGDTNYNGKFQGRVTITADKSSSTAYMELSSLRSEDTAVYFCARSGLLRYAMDYWGQGTLVTVSS,-0.195195
QVQLVQSGAEVKKPGSSVKVSCKASGYAFSYSWINWVRQAPGQGLEWMGRIFPGDGDTDYNGKFKGRVTITADKSTSTAYMELSSLRSEDTAVYYCARNVFDGYWLVYWGQGTLVTVSS,-0.153158
EVQLVESGGGLVQPGGSLRLSCAASGYTFTSYNMHWVRQAPGKGLEWVGAIYPGNGDTSYNQKFKGRFTISVDKSKNTLYLQMNSLRAEDTAVYYCARVVYYSNSYWYFDVWGQGTLVTVSS,-0.133195
EVQLVESGGGLVQPGRSLRLSCAASGFTFNDYAMHWVRQAPGKGLEWVSTISWNSGSIGYADSVKGRFTISRDNAKKSLYLQMNSLRAEDTALYYCAKDIQYGNYYYGMDVWGQGTTVTVSS,-0.18575
QLQLQESGPGLVKPSETLSLTCTVSGGSINSSSYYWGWLRQSPGKGLEWIGSFFYTGSTYYNPSLRSRLTISVDTSKNQFSLMLSSVTAADTAVYYCARQSTYYYGSGNYYGWFDRWDQGTLVTVSS,-0.275068
EVQLLESGGGLVQPGGSLRLSCAASGFTFSSYAYSWVRQAPGKGLEWVSAISGSGGRTYYADSVKGRFTISRDNSKNTLYLQMNSLRAEDTAVYYCARLGYGRVDEWGRGTLVTVSS,-0.149667
EVQLVESGGGLVQPGGSLRLSCAASGFNFNDYFMNWVRQAPGKGLEWVAQMRNKNYQYGTYYAESLEGRFTISRDDSKNSLYLQMNSLKTEDTAVYYCARESYYGFTSYWGQGTLVTVSS,-0.150444
EVQLVESGGGLVQPGGSLRLSCAVSGYSITSGYSWNWIRQAPGKGLEWVASITYDGSTNYNPSLKGRITISRDDSKNTFYLQMNSLRAEDTAVYYCARGSHYFGHWHFAVWGQGTLVTVSS,-0.151183
QVQLQQSGAELVKPGASVKLSCKASGYTFTNYDINWVRQRPEQGLEWIGWIFPGDGSTQYNEKFKGKATLTTDTSSSTAYMQLSRLTSEDSAVYFCARQTTATWFAYWGQGTLVTVSA,-0.171613
EVQLVESGGGLVQPGGSLRLSCAASGYTFTSYWLHWVRQAPGKGLEWVGMIDPSNSDTRFNPNFKDRFTISADTSKNTAYLQMNSLRAEDTAVYYCATYRSYVTPLDYWGQGTLVTVSS,-0.188325
EVQLLESGGGLVQPGGSLRLSCAASGFTFSAYEMKWVRQAPGKGLEWVSVIGPSGGFTFYADSVKGRFTISRDNSKNTLYLQMNSLRAEDTAVYYCATEGDNDAFDIWGQGTTVTVSS,-0.168544
EVQLLESGGGLVQPGGSLRLSCAASGFTFSNAWMSWVRQAPGKGLEWVSSISVGGHRTYYADSVKGRSTISRDNSKNTLYLQMNSLRAEDTAVYYCARIRVGPSGGAFDYWGQGTLVTVSS,-0.194587
EVQLLESGGGLVQPGGSLRLSCAASGFTFSQYGMDWVRQAPGKGLEWVSGIGPSGGSTVYADSVKGRFTISRDNSKNTLYLQMNSLRAEDTAVYYCTRGGPYYYYGMDVWGQGTTVTVSS,-0.136006
EVQLLESGGGLVQPGGSLRLSCAASGFTFSSFPMAWVRQAPGKGLEWVSTISTSGGRTYYRDSVKGRFTISRDNSKNTLYLQMNSLRAEDTAVYYCAKFRQYSGGFDYWGQGTLVTVSS,-0.151292
EVQLVQSGAEVKKPGESLKISCKGSGYSFTGYNMNWVRQMPGKGLEWMGNIDPYYGGTTYNRKFKGQVTISADKSISTAYLQWSSLKASDTAMYYCARSVGPFDSWGQGTLVTVSS,-0.281342
QVQLVQSGAEVKKPGASVKVSCKASGYTFTSYWMHWVRQAPGQGLEWIGNINPSNGGTNYNEKFKSKATMTRDTSTSTAYMELSSLRSEDTAVYYCELMQGYWGQGTLVTVSS,-0.13469
QVTLRESGPALVKPTQTLTLTCTFSGFSLSTSGMSVGWIRQPPGKALEWLADIWWDDKKDYNPSLKSRLTISKDTSKNQVVLKVTNMDPADTATYYCARSMITNWYFDVWGAGTTVTVSS,-0.241915
EGQLVQSGGGLVHPGGSLRLSCAGSGFTFSSYGMHWVRQAPGKGLEWVSGIGTGGGTYSTDSVKGRFTISRDNAKNSLYLQMNSLRAEDMAVYYCARGDYYGSGSFFDCWGQGTLVTVSS,-0.225039
QVQLQESGPGLVKPSETLSLTCTVSGGSVSSGDYYWTWIRQSPGKGLEWIGHIYYSGNTNYNPSLKSRLTISIDTSKTQFSLKLSSVTAADTAIYYCVRDRVTGAFDIWGQGTMVTVSS,-0.234031
EEQVVESGGGFVQPGGSLRLSCAASGFTFSPYWMHWVRQAPGKGLVWVSRINSDGSTYYADSVKGRFTISRDNARNTLYLQMNSLRAEDTAVYYCARDRYYGPEMWGQGTMVTVSS,-0.209961
EVQLVESGGGLVQPGGSLRLSCAASGYTFIDYYMNWVRQAPGKGLEWVGDINLDNSGTHYNQKFKGRFTISRDKSKNTAYLQMNSLRAEDTAVYYCAREGVYHDYDDYAMDYWGQGTLVTVSS,-0.163632
QVQLQQWGAGLLKPSETLSLTCAVYGGSFSGYYWSWIRQPPGKGLEWIGEINHSGSTNYNPSLKSRVTISVETSKNQFSLKLSSVTAADTAVYYCARDKWTWYFDLWGRGTLVTVSS,-0.348535
QVQLVQSGVEVKKPGASVKVSCKASGYTFTNYYMYWVRQAPGQGLEWMGGINPSNGGTNFNEKFKNRVTLTTDSSTTTAYMELKSLQFDDTAVYYCARRDYRFDMGFDYWGQGTTVTVSS,-0.226233
EVQLVESGGGLVQPGGSLRLSCAASGFTFTDYTMDWVRQAPGKGLEWVADVNPNSGGSIYNQRFKGRFTLSVDRSKNTLYLQMNSLRAEDTAVYYCARNLGPSFYFDYWGQGTLVTVSS,-0.1623
QVQLVQSGSELKKPGASVKISCKASGYTFTNYGMNWVRQAPGQGLQWMGWINTDSGESTYAEEFKGRFVFSLDTSVNTAYLQITSLTAEDTGMYFCVRVGYDALDYWGQGTLVTVSS,-0.186702
EVQLVESGGGLVQPGGSLRLSCAASGYEFSRSWMNWVRQAPGKGLEWVGRIYPGDGDTNYSGKFKGRFTISADTSKNTAYLQMNSLRAEDTAVYYCARDGSSWDWYFDVWGQGTLVTVSS,-0.183709
EVQLVESGGGLVKPGGSLRLSCAASGFTFSAYAMNWVRQAPGKGLEWVGRIRTKNNNYATYYADSVKDRFTISRDDSKNTLYLQMNSLKTEDTAVYYCTTFYGNGVWGQGTLVTVSS,-0.192881
EVQLVESGGGLVQPGGSLRLSCAASGYTFSSYWIEWVRQAPGKGLEWIGEILPGGGDTNYNEIFKGRATFSADTSKNTAYLQMNSLRAEDTAVYYCTRRVPIRLDYWGQGTLVTVSS,-0.206506
QVQLVQSGAEVKKPGASVKVSCKASGYYTEAYYIHWVRQAPGQGLEWMGRIDPATGNTKYAPRLQDRVTMTRDTSTSTVYMELSSLRSEDTAVYYCASLYSLPVYWGQGTTVTVSS,-0.220001
EVQLVESGGGLVQPGGSLRLSCAASGFTFSNYGMSWVRQAPGKGLEWVASISSGGGSTYYPDNVKGRFTISRDDAKNSLYLQMNSLRAEDTAVYYCARGGAGIDYWGQGTLVTVSS,-0.142026
EVQLVESGGGLVQPGGSLRLSCAASGFTFSSYWMSWVRQAPGKGLEWVAYIKQDGNEKYYVDSVKGRFTISRDNAKNSLYLQMNSLRAEDTAVYYCAREGILWFGDLPTFWGQGTLVTVSS,-0.176391
QVQLVQSGGGLVQPGGSLRLSCAASGFTFSSYWMYWVRQVPGKGLEWVSAIDTGGGRTYYADSVKGRFAISRVNAKNTMYLQMNSLRAEDTAVYYCARDEGGGTGWGVLKDWPYGLDAWGQGTLVTVSS,-0.268096
EVQLVESGGGLVQPGGSLRLSCAASGFTFSDYGIAWVRQAPGKGLEWVAFISDLAYTIYYADTVTGRFTISRDNSKNTLYLQMNSLRAEDTAVYYCARDNWDAMDYWGQGTLVTVSS,-0.185388
QVQLQQSGAELVKPGASVKLSCKASGYTFTSYDINWVRQRPEQGLEWIGWIFPGDGSTKYNEKFKGKATLTTDKSSSTAYMQLSRLTSEDSAVYFCAREDYYDNSYYFDYWGQGTTLTVSS,-0.138699
EVQLLESGGGLVQPGGSLRLSCAASGFTFSSFSMSWVRQAPGKGLEWVSSISGSSGTTYYADSVKGRFTISRDNSKNTLYLQMNSLRAEDTAVYYCAKPFPYFDYWGQGTLVTVSS,-0.107842
EVQLVQSGGGLVKPGGSLRLSCAASGFTFSSYSMNWVRQAPGKGLEWVSSISSSSSYIYYADSVKGRFTISRDNAKNSLYLQMNSLRAEDTAVYYCARVTDAFDIWGQGTMVTVSS,-0.138169
EVQLVESGGGLVQPGGSLRLSCAASGYDFTHYGMNWVRQAPGKGLEWVGWINTYTGEPTYAADFKRRFTFSLDTSKSTAYLQMNSLRAEDTAVYYCAKYPYYYGTSHWYFDVWGQGTLVTVSS,-0.180602
QVQLQQWGAGLLKPSETLSLTCAVYGGSFSDYYWNWIRQPPGKGLEWIGEINHRGSTNSNPSLKSRVTLSLDTSKNQFSLKLRSVTAADTAVYYCAFGYSDYEYNWFDPWGQGTLVTVSS,-0.431915
EVQLVESGGGLVQPGGSLRLSCAVSGLSLTSNSVNWIRQAPGKGLEWVGLIWSNGDTDYNSAIKSRFTISRDTSKSTVYLQMNSLRAEDTAVYYCAREYYGYFDYWGQGTLVTVSS,-0.119509
QVQLQESGPGLVKPSETLSLTCTVSGGSISIYYWSWIRQPPGKGLEWIGYVYYSGSTNYNPSLKSRVTISVDTSKNQFSLKLNSVTAADTAVYYCARGGYDFWSGYFDYWGQGTLVTVSS,-0.21731
QLQLQESGPGLVKPSETLSLTCTVSGGSITSSSYYWGWIRQPPGKGLEWIGSIYYRGSTNYNPSLKSRVTISVDSSKNQFYLKVSSVTAVDTAVYYCARQNGAARPSWFDPWGQGTLVTVSS,-0.251567
QVQLVQSGAEVKKPGSSVKVSCKASGYTFTDQTIHWMRQAPGQGLEWIGYIYPRDDSPKYNENFKGKVTITADKSTSTAYMELSSLRSEDTAVYYCAIPDRSGYAWFIYWGQGTLVTVSS,-0.217426
QVQLQQPGAELVKPGASVKMSCKASGYTFTSYNMHWVKQTPGRGLEWIGAIYPGNGDTSYNQKFKGKATLTADKSSSTAYMQLSSLTSEDSAVYYCARSTYYGGDWYFNVWGAGTTVTVSA,-0.190105
EVQLVQSGGGLVKPGGSLRLSCAASGFTFSSFAMHWVRQAPGKGLEWISVIDTRGATYYADSVKGRFTISRDNAKNSLYLQMNSLRAEDTAVYYCARLGNFYYGMDVWGQGTTVTVSS,-0.185442
EVQLVQSGAEVKKPGASVKVSCKASGYTFTDYNMHWVRQAPGQGLEWMGEINPNSGGAGYNQKFKGRVTMTTDTSTSTAYMELRSLRSDDTAVYYCARLGYDDIYDDWYFDVWGQGTTVTVSS,-0.173334
EVQLVESGGGLVQPGGSLRLSCATSGYTFTEYIIHWVRQAPGKGLEWVASINPDYDITNYNQRFKGRFTISLDKSKRTAYLQMNSLRAEDTAVYYCASWISDFFDYWGQGTLVTVSS,-0.164879
QVQLVQSGAEVKKPGASVKVSCKASGYTFTNYGMNWVRQAPGQGLEWMGWINTYTGEPTYADDFKGRVTMTTDTSTSTAYMELRSLRSDDTAVYYCARIGDSSPSDYWGQGTLVTVSS,-0.192243
EVPLVESGGGLVQPGGSLRLSCAVSGFTFSNYGMVWVRQAPGKGLEWVAYIDSDGDNTYYRDSVKGRFTISRDNAKSSLYLQMNSLRAEDTAVYYCTTGIVRPFLYWGQGTLVTVSS,-0.209432
EVQLVESGGGLVQPGRSLRLSCAASRFTFDDYAMHWVRQAPGKGLEWVSGISWNSGRIGYADSVKGRFTISRDNAENSLFLQMNGLRAEDTALYYCAKGRDSFDIWGQGTMVTVSS,-0.243632
QVQLQESGPGLVKPSETLSLTCAVSGHSISHDHAWSWVRQPPGEGLEWIGFISYSGITNYNPSLQGRVTISRDNSKNTLYLQMNSLRAEDTAVYYCARSLARTTAMDYWGEGTLVTVSS,-0.21867
EVQLVESGGGLVQPGGSLRLSCAASGFTFSNYWMNWVRQAPGKGLEWVAAINQDGSEKYYVGSVKGRFTISRDNAKNSLYLQMNSLRVEDTAVYYCVRDYYDILTDYYIHYWYFDLWGRGTLVTVSS,-0.205478
QVQLVQSGAEVKKPGASVKVSCKASGYTFTGYYMHWVRQAPGQGLEWMGWINPDSGGTNYAQKFQGRVTMTRDTSISTAYMELNRLRSDDTAVYYCARDQPLGYCTNGVCSYFDYWGQGTLVTVSS,-0.122467
EVQLLESGGGLVQPGGSLRLSCAASGFTFSHYVMAWVRQAPGKGLEWVSSISSSGGWTLYADSVKGRFTISRDNSKNTLYLQMNSLRAEDTAVYYCTRGLKMATIFDYWGQGTLVTVSS,-0.152921
QVQLVESGGGLVQPGGSLRLSCAASGFTFRSHWLSWVRQAPGKGLEWVSNINYDGSSTYYADSVKGRFTISRDNSKNTLYLQMNSLRAEDTAVYYCARDTYLHFDYWGQGTLVTVSS,-0.092102
QVQLVQSGAEVKKPGASVKVSCKASGYTFTSYSISWVRQAPGQGLEWMGWISVYNGNTNYAQKFQGRVTMTTDTSTSTAYLELRSLRSDDTAVYYCARDPIAAGYWGQGTLVTVSS,-0.139506
EVQLVESGGKLLKPGGSLKLSCAASGFTFSSFAMSWFRQSPEKRLEWVAEISSGGSYTYYPDTVTGRFTISRDNAKNTLYLEMSSLRSEDTAMYYCARGLWGYYALDYWGQGTSVTVSS,-0.242837
QVQLVQSGAEVKKPGASVKVSCKASGYAFTYYLIEWVRQAPGQGLEWIGVINPGSGGTNYNEKFKGRATITADKSTSTAYMELSSLRSEDTAVYFCARNWMNFDYWGQGTTVTVSS,-0.132604
QVQLVQSGAEVKKPGSSVKVSCKASGGTFSSYAISWVRQAPGQGLEWMGLIIPMFDTAGYAQKFQGRVAITVDESTSTAYMELSSLRSEDTAVYYCARAEHSSTGTFDYWGQGTLVTVSS,-0.220179
EVQLVESGGGLVQPGGSLRLSCAASGFTFSPFAMSWVRQAPGKGLEWVAKISPGGSWTYYSDTVTGRFTISRDNAKNSLYLQMNSLRAEDTAVYYCARQLWGYYALDIWGQGTTVTVSS,-0.280947
EVQLVESGGGLVQPGGSLRLSCAASGFTFSRYSMSWVRQAPGKGLELVAQINSVGNSTYYPDTVKGRFTISRDNAKNTLYLQMNSLRAEDTAVYYCASGDYWGQGTLVTVSS,-0.2233
EVQLVQSGAEVKKPGESLRISCKGSGYTFTTYWMHWVRQATGQGLEWMGNIYPGTGGSNFDEKFKNRVTITADKSTSTAYMELSSLRSEDTAVYYCTRWTTGTGAYWGQGTTVTVSS,-0.163621
EVQLVESGGGLVKPGGSLRLSCAASGFTFSNYAMSWVRQAPGKGLEWVATISSGGSHTYYLDSVKGRFTISRDNSKNTLYLQMNSLRAEDTALYYCARLFTGYAMDYWGQGTLVTVSS,-0.1756
QVQLQQWGAGLLKPSETLSLTCAVYGGSFSGYYWSWIRQPPGKGLEWIGEINHSGSTNYNPSLKSRVTISVDTSKNQFSLKLSSVTAADTAVYYCARGYYDILTGYYYYFDYWGQGTLVTVSS,-0.321159
QVQLQESGPGLVKPSETLSLTCTVSGFSLIGYDLNWIRQPPGKGLEWIGIIWGDGTTDYNSAVKSRVTISKDTSKNQFSLKLSSVTAADTAVYYCARGGYWYATSYYFDYWGQGTLVTVSS,-0.199632
EVQLVESGGGLVQPGGSLRLSCAASGFTFSSSGMSWVRQAPGKGLEWVSVIASSGSNTYYADSVKGRFTISRDNSKNTLYLQMNSLRAEDTAVYYCARSIFYTTWGQGTLVTVSS,-0.113908
QVQLQESGPGLVKPSQTLSLTCAVYGGSFSSGYWNWIRKHPGKGLEYIGYISYNGITYHNPSLKSRITINRDTSKNQYSLQLNSVTPEDTAVYYCARYKYDYDGGHAMDYWGQGTLVTVSS,-0.295529
QVQLVQSGAEVKKPGASVKVSCKASGYIFTAYTMHWVRQAPGQGLEWMGWIKPNNGLANYAQKFQGRVTMTRDTSISTAYMELSRLRSDDTAVYYCARSEITTEFDYWGQGTLVTVSS,-0.154509
QVQLVQSGGGVVQPGRSLRLSCKASGYTFTRYTMHWVRQAPGKGLEWIGYINPSRGYTNYNQKVKDRFTISRDNSKNTAFLQMDSLRPEDTGVYFCARYYDDHYCLDYWGQGTPVTVSS,-0.19578
QVELVESGGGVVQPGRSQRLSCAASGFTFSSYGMHWVRQAPGKGLEWVAIIWFDGSSTYYADSVRGRFTISRDNSKNTLYLQMNSLRAEDTAVYFCARELGRRYFDLWGRGTLVSVSS,-0.176018
QMQLVESGGGVVQPGRSLRLSCAASGFTFRTYGMHWVRQAPGKGLEWVAVIWYDGSNKHYADSVKGRFTITRDNSKNTLNLQMNSLRAEDTAVYYCARAPQWELVHEAFDIWGQGTMVTVSS,-0.221584
EVQLVESGGGLVQPGGSLRLSCAASGFTFSSYVMSWVRQAPGKGLEWVATISSGGSYTYYPDSVKGRFTISRDNAKNTLYLQMNSLRAEDTAVYYCARRGDSMITTDYWGQGTLVTVSS,-0.131835
QVQLVQSGAEVKKPGASVKVSCKASGYIFITYWMTWVRQAPGQGLEWMGQIFPASGSADYNEKFEGRVTMTTDTSTSTAYMELRSLRSDDTAVYYCARGGGGFAYWGQGTLVTVSS,-0.184887
QVQLQESGPGLVKPSETLSLTCTVSGFSLTSYGVHWIRQPPGKGLEWIGVIYADGSTNYNPSLKSRVTISKDTSKNQVSLKLSSVTAADTAVYYCARAYGNYWYIDVWGQGTTVTVSS,-0.144036
EVQLLESGGGLVQPGGSLRLSCAASGFTFSNYAMSWVRQAPGKGLEWVSSISGSGDYTYYTDSVKGRFTISRDNSKNTLYLQMNSLRAEDTAVYYCARSPWGYYLDSWGQGTLVTVSS,-0.125532
QVQLQESGPGLVRPSQTLSLTCTVSGYSITSDHAWSWVRQPPGRGLEWIGYISYSGITTYNPSLKSRVTMLRDTSKNQFSLRLSSVTAADTAVYYCARSLARTTAMDYWGQGSLVTVSS,-0.219046
QGQLVQSGAEVKKPGASVKVSCKASGYTFTDYEMHWVRQAPIHGLEWIGVIESETGGTAYNQKFKGRVTITADKSTSTAYMELSSLRSEDTAVYYCAREGITTVATTYYWYFDVWGQGTTVTVSS,-0.260773
QVQLVESGGGLVKPGGSLRLSCAASGFTFSDYYMNWIRQAPGKGLEWVSYISSSGSIIYYADSVKGRFTISRDNAKNSLYLQMNSLRAEDTAVYYCAREGRIAARGMDVWGQGTTVTVSS,-0.150189
QVQLVQSGAEVKKPGASVKVSCKASGYTFTNYGLSWVRQAPGQGLEWMGWISANNGDTNYGQEFQGRVTMTTDTSTSTAYMELRSLRSDDTAVYYCARDSSSSWARWFFDLWGRGTLVTVSS,-0.195119
EVQLVESGGGLVQPGGSLRLSCAASGFNIKDTYIHWVRQAPGKGLEWVARIYPTNGYTRYADSVKGRFTISADTSKNTAYLQMNSLRAEDTAVYYCSRWGGDGFYAMDYWGQGTLVTVSS,-0.162326
EEQLVESGGGLVKPGGSLRLSCAASGFSFSDCRMYWLRQAPGKGLEWIGVISVKSENYGANYAESVRGRFTISRDDSKNTVYLQMNSLKTEDTAVYYCSASYYRYDVGAWFAYWGQGTLVTVSS,-0.209659
QVQLVESGGGVVQPGRSLRLSCAASGFTFSSYGMHWVRQAPGKGLEWVAVIWYDGSNKYYADSVKGRFTISRDNSKNTLYLQMNSLRAEDTAVYYCARDPRGATLYYYYYGMDVWGQGTTVTVSS,-0.143504
QAYLQQSGAELVRPGASVKMSCKASGYTFTSYNMHWVKQTPRQGLEWIGGIYPGNGDTSYNQKFKGKATLTVGKSSSTAYMQLSSLTSEDSAVYFCARYDYNYAMDYWGQGTSVTVSS,-0.188704
QVQLQQWGAGLLKPSETLSLTCAVYGGSFSGYYWSWIRQSPEKGLEWIGEINHGGYVTYNPSLESRVTISVDTSKNQFSLKLSSVTAADTAVYYCARDYGPGNYDWYFDLWGRGTLVTVSS,-0.356515
EVQLVQSGAEVKKPGESLKISCKGSGYSFTTYWLGWVRQMPGKGLDWIGIMSPVDSDIRYSPSFQGQVTMSVDKSITTAYLQWNSLKASDTAMYYCARRRPGQGYFDFWGQGTLVTVSS,-0.261056
EVQLVQSGAEVKKPGESLRISCKGSGYSFSTYWISWVRQMPGKGLEWMGKIYPGDSYTNYSPSFQGQVTISADKSISTAYLQWSSLKASDTAMYYCARGYGIFDYWGQGTLVTVSS,-0.219772
QVQLVQSGAEVKKPGASVKVSCKASGYTFTNYDINWVRQAPGQGLEWIGWIYPGDGSTKYNEKFKAKATLTADTSTSTAYMELRSLRSDDTAVYYCASGYEDAMDYWGQGTTVTVSS,-0.176825
QVQLVESGGGVVQPGRSLRLSCAASGFTFSSYDMHWVRQAPGKGLEWVAVIWYDGSNKYYADSVKGRFTISRDNSKNTLYLQMNSLRAEDTAVYYCARGSGNWGFFDYWGQGTLVTVSS,-0.126695
QVQLQESGPGLVKPSETLSLTCTVSGFSLTNYGIHWIRQPPGKGLEWLGVIWARGFTNYNSALMSRLTISKDNSKNQVSLKLSSVTAADTAVYYCARANDGVYYAMDYWGQGTLVTVSS,-0.219806
QVQLVQSGAEVKKPGASVKVSCKGSGYTFTSYWMHWVRQAPGQRLEWIGEIDPSESNTNYNQKFKGRVTLTVDISASTAYMELSSLRSEDTAVYYCARGGYDGWDYAIDYWGQGTLVTVSS,-0.160619
QVQLQQSGAEVKKPGSSVKVSCKASGYTFTSYNMHWVKQAPGQGLEWIGAIYPGMGDTSYNQKFKGKATLTADESTNTAYMELSSLRSEDTAFYYCARSTYYGGDWYFDVWGQGTTVTVSS,-0.203104
QVQLVQSGAEVKKPGASVKVSCKASGYTFISYTMHWVRQAPGQGLEWMGYINPRSGYTHYNQKLKDKATLTADKSASTAYMELSSLRSEDTAVYYCARSAYYDYDGFAYWGQGTLVTVSS,-0.149564
QVELVESGGGLVQPGGSLRLSCAASGFTFTSYWMSWVRQAPGKGLELVSSITSYGSFTYYADSVKGRFTISRDNSKNTLYLQMNSLRAEDTAVYYCARNMYTHFDSWGQGTLVTVSS,-0.162635
QVQLVESGGGVVQPGRSLRLSCAASGFTFSTYGMHWVRQAPGKGLEWVAVIWDDGSYKYYGDSVKGRFTISRDNSKNTLYLQMNSLRAEDTAVYYCARDGITMVRGVMKDYFDYWGQGTLVTVSS,-0.151045
QVQLQQWGAGLLKPSETLSLTCAVYGGSFSGYYWSWIRQPPGKGLEWIGEINHSGSTNYNPSLKSRVTISVDTSKNQFSLKLSSVTAADTAVYYCARVINWFDPWGQGTLVTVSS,-0.368613
QVQLQQPGAELVRPGASVKLSCKASGYTFTSYWINWVKQRPGQGLEWIGNIYPSDSYTNYNQKFKDKATLTVDKSSSTAYMQLSSPTSEDSAVYYCTRSWRGNSFDYWGQGTTLTVSS,-0.17464
EVQLVESGGGLVQPGGSLRLSCAASGRTFSYNPMGWFRQAPGKGRELVAAISRTGGSTYYPDSVEGRFTISRDNAKRMVYLQMNSLRAEDTAVYYCAAAGVRAEDGRVRTLPSEYTFWGQGTQVTVSSGGGGSEPKSSDKTHTCPPCPAPELLGGPSVFLFPPKPKDTLMISRTPEVTCVVVDVSHEDPEVKFNWYVDGVEVHNAKTKPREEQYNSTYRVVSVLTVLHQDWLNGKEYKCKVSNKALPAPIEKTISKAKGQPREPQVYTLPPSRDELTKNQVSLTCLVKGFYPSDIAVEWESNGQPENNYKTTPPVLDSDGSFFLYSKLTVDKSRWQQGNVFSCSVMHEALHNHYTQKSLSLSPG,-0.170785
EVQLVESGGGLVQPGGSLRLSCAASGFTFSDYWMYWVRQAPGKGLEWVSEINTNGLITKYPDSVGRFTISRDNAKNTLYLQMNSLRPEDTAVYYCARSPSGFNRGQGTLVTVSSGGGGSEPKSSDKTHTCPPCPAPELLGGPSVFLFPPKPKDTLMISRTPEVTCVVVDVSHEDPEVKFNWYVDGVEVHNAKTKPREEQYNSTYRVVSVLTVLHQDWLNGKEYKCKVSNKALPAPIEKTISKAKGQPREPQVYTLPPSRDELTKNQVSLTCLVKGFYPSDIAVEWESNGQPENNYKTTPPVLDSDGSFFLYSKLTVDKSRWQQGNVFSCSVMHEALHNHYTQKSLSLSPG,-0.137292
QVKLEESGGGLVQAGRSLRLSCAASEHTFSSHVMGWFRQAPGKERESVAVIGWRDISTSYADSVKGRFTISRDNAKKTLYLQMNSLKPEDTAVYYCAARRIDAADFDSWGQGTQVTVSSGGGGSEPKSSDKTHTCPPCPAPELLGGPSVFLFPPKPKDTLMISRTPEVTCVVVDVSHEDPEVKFNWYVDGVEVHNAKTKPREEQYNSTYRVVSVLTVLHQDWLNGKEYKCKVSNKALPAPIEKTISKAKGQPREPQVYTLPPSRDELTKNQVSLTCLVKGFYPSDIAVEWESNGQPENNYKTTPPVLDSDGSFFLYSKLTVDKSRWQQGNVFSCSVMHEALHNHYTQKSLSLSPG,-0.163702
EVQLVESGGGLVQPGGSLRLSCAASGSVFKINVMAWYRQAPGKGRELVAGIISGGSTSYADSVKGRFTISRDNAKNTLYLQMNSLRPEDTAVYYCAFITTESDYDLGRRYWGQGTLVTVSSGGGGSEPKSSDKTHTCPPCPAPELLGGPSVFLFPPKPKDTLMISRTPEVTCVVVDVSHEDPEVKFNWYVDGVEVHNAKTKPREEQYNSTYRVVSVLTVLHQDWLNGKEYKCKVSNKALPAPIEKTISKAKGQPREPQVYTLPPSRDELTKNQVSLTCLVKGFYPSDIAVEWESNGQPENNYKTTPPVLDSDGSFFLYSKLTVDKSRWQQGNVFSCSVMHEALHNHYTQKSLSLSPG,-0.169403
DVQLVESGGGLVQPGGSLRLSCAASGRTFSSYVVGWFRQAPGKEREFIGAISGSGESIYYAVSEKGRFTISRDNSKNTLYLQMNSLRPEDTAVYYCTADQEFGYLRFGRSEYWGQGTLVTVSSGGGGSEPKSSDKTHTCPPCPAPELLGGPSVFLFPPKPKDTLMISRTPEVTCVVVDVSHEDPEVKFNWYVDGVEVHNAKTKPREEQYNSTYRVVSVLTVLHQDWLNGKEYKCKVSNKALPAPIEKTISKAKGQPREPQVYTLPPSRDELTKNQVSLTCLVKGFYPSDIAVEWESNGQPENNYKTTPPVLDSDGSFFLYSKLTVDKSRWQQGNVFSCSVMHEALHNHYTQKSLSLSPG,-0.186527
EVQLVESGGGLVKPGGSLRLSCAASGRPVSNYAAAWFRQAPGKEREFVSAINWQKTATYADSVKGRFTISRDNAKNSLYLQMNSLRAEDTAVYYCAAVFRVVAPKTQYDYDYWGQGTLVTVSSGGGGSEPKSSDKTHTCPPCPAPELLGGPSVFLFPPKPKDTLMISRTPEVTCVVVDVSHEDPEVKFNWYVDGVEVHNAKTKPREEQYNSTYRVVSVLTVLHQDWLNGKEYKCKVSNKALPAPIEKTISKAKGQPREPQVYTLPPSRDELTKNQVSLTCLVKGFYPSDIAVEWESNGQPENNYKTTPPVLDSDGSFFLYSKLTVDKSRWQQGNVFSCSVMHEALHNHYTQKSLSLSPG,-0.156967
DVQLVESGGGVVQPGGSLRLSCAASGRTVSSYAMGWFRQAPGKEREFVAGISRSAERTYYVDSLKGRFTISRDNSKNTVYLQMNSLRPEDTALYYCAADLDPNRIFSREEYAYWGQGTLVTVSSGGGGSEPKSSDKTHTCPPCPAPELLGGPSVFLFPPKPKDTLMISRTPEVTCVVVDVSHEDPEVKFNWYVDGVEVHNAKTKPREEQYNSTYRVVSVLTVLHQDWLNGKEYKCKVSNKALPAPIEKTISKAKGQPREPQVYTLPPSRDELTKNQVSLTCLVKGFYPSDIAVEWESNGQPENNYKTTPPVLDSDGSFFLYSKLTVDKSRWQQGNVFSCSVMHEALHNHYTQKSLSLSPG,-0.178525
DVQLVESGGGLVQPGGSLRLSCAASGRTFSEYAMGWFRQAPGKEREFVATISWSGGATYYTDSVKGRFTISRDNAKNTVYLQMNSLRPEDTAVYYCAAAGLGTVVSEWDYDYDYWGQGTLVTVSSGGGGSEPKSSDKTHTCPPCPAPELLGGPSVFLFPPKPKDTLMISRTPEVTCVVVDVSHEDPEVKFNWYVDGVEVHNAKTKPREEQYNSTYRVVSVLTVLHQDWLNGKEYKCKVSNKALPAPIEKTISKAKGQPREPQVYTLPPSRDELTKNQVSLTCLVKGFYPSDIAVEWESNGQPENNYKTTPPVLDSDGSFFLYSKLTVDKSRWQQGNVFSCSVMHEALHNHYTQKSLSLSPG,-0.162687
QVQLVESGGGLVKPGGSLRLSCAASGRTFSSYAMGWFRQAPGKEREFVSAISGSGGSTYYADSVKGRFTISRDNAKNSLYLQMNSLRAEDTAVYYCAADLGDGSWVDYVNAEPYEYDYWGQGTLVTVSSGGGGSEPKSSDKTHTCPPCPAPELLGGPSVFLFPPKPKDTLMISRTPEVTCVVVDVSHEDPEVKFNWYVDGVEVHNAKTKPREEQYNSTYRVVSVLTVLHQDWLNGKEYKCKVSNKALPAPIEKTISKAKGQPREPQVYTLPPSRDELTKNQVSLTCLVKGFYPSDIAVEWESNGQPENNYKTTPPVLDSDGSFFLYSKLTVDKSRWQQGNVFSCSVMHEALHNHYTQKSLSLSPG,-0.154936
QVQLQESGGGLVQPGGSLRLSCAASGKMSSRRCMAWFRQAPGKERERVAKLLTTSGSTYLADSVKGRFTISQNNAKSTVYLQMNSLKPEDTAMYYCAADSFEDPTCTLVTSSGAFQYWGQGTQVTVSGGGGSEPKSSDKTHTCPPCPAPELLGGPSVFLFPPKPKDTLMISRTPEVTCVVVDVSHEDPEVKFNWYVDGVEVHNAKTKPREEQYNSTYRVVSVLTVLHQDWLNGKEYKCKVSNKALPAPIEKTISKAKGQPREPQVYTLPPSRDELTKNQVSLTCLVKGFYPSDIAVEWESNGQPENNYKTTPPVLDSDGSFFLYSKLTVDKSRWQQGNVFSCSVMHEALHNHYTQKSLSLSPG,-0.195505
EVQLVESGGGLVQPGGSLKLSCAASGFDFSSHWMYWVRQAPGKELEWLSEINTNGLITQYGDSVKGRFTVSRNNAANKMYLELTRLEPEDTALYYCARNQHGLNKGQGTQVTVSSGGGGSEPKSSDKTHTCPPCPAPELLGGPSVFLFPPKPKDTLMISRTPEVTCVVVDVSHEDPEVKFNWYVDGVEVHNAKTKPREEQYNSTYRVVSVLTVLHQDWLNGKEYKCKVSNKALPAPIEKTISKAKGQPREPQVYTLPPSRDELTKNQVSLTCLVKGFYPSDIAVEWESNGQPENNYKTTPPVLDSDGSFFLYSKLTVDKSRWQQGNVFSCSVMHEALHNHYTQKSLSLSPG,-0.158096
DVQLVESGGGLVQAGGSLSISCAASGGSLSNYVLGWFRQAPGKEREFVAAINWRGDITIGPPNVEGRFTISRDNAKNTGYLQMNSLAPDDTAVYYCGAGTPLNPGAYIYDWSYDYWGRGTQVTVSSGGGGSEPKSSDKTHTCPPCPAPELLGGPSVFLFPPKPKDTLMISRTPEVTCVVVDVSHEDPEVKFNWYVDGVEVHNAKTKPREEQYNSTYRVVSVLTVLHQDWLNGKEYKCKVSNKALPAPIEKTISKAKGQPREPQVYTLPPSRDELTKNQVSLTCLVKGFYPSDIAVEWESNGQPENNYKTTPPVLDSDGSFFLYSKLTVDKSRWQQGNVFSCSVMHEALHNHYTQKSLSLSPG,-0.186267
QLQLVESGGGLVQPGGSLRLSCAASGGIFSIGVMGWYRQAPGKQRELVATITSRGSTNYADSVKGRFTISGDNAKNTVYLQMNNLKPEDTAVYYCYADLIRPGDFYGMDYWGKGTLVTVSSGGGGSEPKSSDKTHTCPPCPAPELLGGPSVFLFPPKPKDTLMISRTPEVTCVVVDVSHEDPEVKFNWYVDGVEVHNAKTKPREEQYNSTYRVVSVLTVLHQDWLNGKEYKCKVSNKALPAPIEKTISKAKGQPREPQVYTLPPSRDELTKNQVSLTCLVKGFYPSDIAVEWESNGQPENNYKTTPPVLDSDGSFFLYSKLTVDKSRWQQGNVFSCSVMHEALHNHYTQKSLSLSPG,-0.161052
QVQLVESGGGSVQVGGSLRLSCAASGFTYNSYSVGWFRQAPGKEREGVAAINSGGSSTYYAASVKGRFTISRDNAKNTVYLQMNSLKPEDTAMYYCAARSPSPLTFQTRTLREDSYNYWGQGTQVTVSSGGGGSEPKSSDKTHTCPPCPAPELLGGPSVFLFPPKPKDTLMISRTPEVTCVVVDVSHEDPEVKFNWYVDGVEVHNAKTKPREEQYNSTYRVVSVLTVLHQDWLNGKEYKCKVSNKALPAPIEKTISKAKGQPREPQVYTLPPSRDELTKNQVSLTCLVKGFYPSDIAVEWESNGQPENNYKTTPPVLDSDGSFFLYSKLTVDKSRWQQGNVFSCSVMHEALHNHYTQKSLSLSPG,-0.178697
DVQLQASGGGSVQAGGSLRLSCAASGYTIGPYCMGWFRQAPGKEREGVAAINMGGGITYYADSVKGRFTISQDNAKNTVYLLMNSLEPEDTAIYYCAADSTIYASYYECGHGLSTGGYGYDSWGQGTQVTVSSGGGGSEPKSSDKTHTCPPCPAPELLGGPSVFLFPPKPKDTLMISRTPEVTCVVVDVSHEDPEVKFNWYVDGVEVHNAKTKPREEQYNSTYRVVSVLTVLHQDWLNGKEYKCKVSNKALPAPIEKTISKAKGQPREPQVYTLPPSRDELTKNQVSLTCLVKGFYPSDIAVEWESNGQPENNYKTTPPVLDSDGSFFLYSKLTVDKSRWQQGNVFSCSVMHEALHNHYTQKSLSLSPG,-0.215932
QVQLVESGGGLVQAGGSLRLSCAASGYAYTYIYMGWFRQAPGKEREGVAAMDSGGGGTLYADSVKGRFTISRDKGKNTVYLQMDSLKPEDTATYYCAAGGYELRDRTYGQWGQGTQVTVSSGGGGSEPKSSDKTHTCPPCPAPELLGGPSVFLFPPKPKDTLMISRTPEVTCVVVDVSHEDPEVKFNWYVDGVEVHNAKTKPREEQYNSTYRVVSVLTVLHQDWLNGKEYKCKVSNKALPAPIEKTISKAKGQPREPQVYTLPPSRDELTKNQVSLTCLVKGFYPSDIAVEWESNGQPENNYKTTPPVLDSDGSFFLYSKLTVDKSRWQQGNVFSCSVMHEALHNHYTQKSLSLSPG,-0.16602
QVQLVESGGALVQPGGSLRLSCAASGFPVNRYSMRWYRQAPGKEREWVAGMSSAGDRSSYEDSVKGRFTISRDDARNTVYLQMNSLKPEDTAVYYCNVNVGFEYWGQGTQVTVSSGGGGSEPKSSDKTHTCPPCPAPELLGGPSVFLFPPKPKDTLMISRTPEVTCVVVDVSHEDPEVKFNWYVDGVEVHNAKTKPREEQYNSTYRVVSVLTVLHQDWLNGKEYKCKVSNKALPAPIEKTISKAKGQPREPQVYTLPPSRDELTKNQVSLTCLVKGFYPSDIAVEWESNGQPENNYKTTPPVLDSDGSFFLYSKLTVDKSRWQQGNVFSCSVMHEALHNHYTQKSLSLSPG,-0.16175
EVQLVESGGGLVQPGGSLRLSCAASGRTFSYNPMGWFRQAPGKGRELVAAISRTGGSTYYPDSVEGRFTISRDNAKRMVYLQMNSLRAEDTAVYYCAAAGVRAEDGRVRTLPSEYTFWGQGTQVTVSSGGGGSEPKSSDKTHTCPPCPAPELLGGPSVFLFPPKPKDTLMISRTPEVTCVVVDVSHEDPEVKFNWYVDGVEVHNAKTKPREEQYNSTYRVVSVLTVLHQDWLNGKEYKCKVSNKALPAPIEKTISKAKGQPREPQVYTLPPSRDELTKNQVSLTCLVKGFYPSDIAVEWESNGQPENNYKTTPPVLDSDGSFFLYSKLTVDKSRWQQGNVFSCSVMHEALHNHYTQKSLSLSPG,-0.170785
EVQLVESGGGLVQPGGSLRLSCAASGFTFSDYWMYWVRQAPGKGLEWVSEINTNGLITKYPDSVGRFTISRDNAKNTLYLQMNSLRPEDTAVYYCARSPSGFNRGQGTLVTVSSGGGGSEPKSSDKTHTCPPCPAPELLGGPSVFLFPPKPKDTLMISRTPEVTCVVVDVSHEDPEVKFNWYVDGVEVHNAKTKPREEQYNSTYRVVSVLTVLHQDWLNGKEYKCKVSNKALPAPIEKTISKAKGQPREPQVYTLPPSRDELTKNQVSLTCLVKGFYPSDIAVEWESNGQPENNYKTTPPVLDSDGSFFLYSKLTVDKSRWQQGNVFSCSVMHEALHNHYTQKSLSLSPG,-0.137292
QVKLEESGGGLVQAGRSLRLSCAASEHTFSSHVMGWFRQAPGKERESVAVIGWRDISTSYADSVKGRFTISRDNAKKTLYLQMNSLKPEDTAVYYCAARRIDAADFDSWGQGTQVTVSSGGGGSEPKSSDKTHTCPPCPAPELLGGPSVFLFPPKPKDTLMISRTPEVTCVVVDVSHEDPEVKFNWYVDGVEVHNAKTKPREEQYNSTYRVVSVLTVLHQDWLNGKEYKCKVSNKALPAPIEKTISKAKGQPREPQVYTLPPSRDELTKNQVSLTCLVKGFYPSDIAVEWESNGQPENNYKTTPPVLDSDGSFFLYSKLTVDKSRWQQGNVFSCSVMHEALHNHYTQKSLSLSPG,-0.163702
EVQLVESGGGLVQPGGSLRLSCAASGSVFKINVMAWYRQAPGKGRELVAGIISGGSTSYADSVKGRFTISRDNAKNTLYLQMNSLRPEDTAVYYCAFITTESDYDLGRRYWGQGTLVTVSSGGGGSEPKSSDKTHTCPPCPAPELLGGPSVFLFPPKPKDTLMISRTPEVTCVVVDVSHEDPEVKFNWYVDGVEVHNAKTKPREEQYNSTYRVVSVLTVLHQDWLNGKEYKCKVSNKALPAPIEKTISKAKGQPREPQVYTLPPSRDELTKNQVSLTCLVKGFYPSDIAVEWESNGQPENNYKTTPPVLDSDGSFFLYSKLTVDKSRWQQGNVFSCSVMHEALHNHYTQKSLSLSPG,-0.169403
DVQLVESGGGLVQPGGSLRLSCAASGRTFSSYVVGWFRQAPGKEREFIGAISGSGESIYYAVSEKGRFTISRDNSKNTLYLQMNSLRPEDTAVYYCTADQEFGYLRFGRSEYWGQGTLVTVSSGGGGSEPKSSDKTHTCPPCPAPELLGGPSVFLFPPKPKDTLMISRTPEVTCVVVDVSHEDPEVKFNWYVDGVEVHNAKTKPREEQYNSTYRVVSVLTVLHQDWLNGKEYKCKVSNKALPAPIEKTISKAKGQPREPQVYTLPPSRDELTKNQVSLTCLVKGFYPSDIAVEWESNGQPENNYKTTPPVLDSDGSFFLYSKLTVDKSRWQQGNVFSCSVMHEALHNHYTQKSLSLSPG,-0.186527
EVQLVESGGGLVKPGGSLRLSCAASGRPVSNYAAAWFRQAPGKEREFVSAINWQKTATYADSVKGRFTISRDNAKNSLYLQMNSLRAEDTAVYYCAAVFRVVAPKTQYDYDYWGQGTLVTVSSGGGGSEPKSSDKTHTCPPCPAPELLGGPSVFLFPPKPKDTLMISRTPEVTCVVVDVSHEDPEVKFNWYVDGVEVHNAKTKPREEQYNSTYRVVSVLTVLHQDWLNGKEYKCKVSNKALPAPIEKTISKAKGQPREPQVYTLPPSRDELTKNQVSLTCLVKGFYPSDIAVEWESNGQPENNYKTTPPVLDSDGSFFLYSKLTVDKSRWQQGNVFSCSVMHEALHNHYTQKSLSLSPG,-0.156967
DVQLVESGGGVVQPGGSLRLSCAASGRTVSSYAMGWFRQAPGKEREFVAGISRSAERTYYVDSLKGRFTISRDNSKNTVYLQMNSLRPEDTALYYCAADLDPNRIFSREEYAYWGQGTLVTVSSGGGGSEPKSSDKTHTCPPCPAPELLGGPSVFLFPPKPKDTLMISRTPEVTCVVVDVSHEDPEVKFNWYVDGVEVHNAKTKPREEQYNSTYRVVSVLTVLHQDWLNGKEYKCKVSNKALPAPIEKTISKAKGQPREPQVYTLPPSRDELTKNQVSLTCLVKGFYPSDIAVEWESNGQPENNYKTTPPVLDSDGSFFLYSKLTVDKSRWQQGNVFSCSVMHEALHNHYTQKSLSLSPG,-0.178525
DVQLVESGGGLVQPGGSLRLSCAASGRTFSEYAMGWFRQAPGKEREFVATISWSGGATYYTDSVKGRFTISRDNAKNTVYLQMNSLRPEDTAVYYCAAAGLGTVVSEWDYDYDYWGQGTLVTVSSGGGGSEPKSSDKTHTCPPCPAPELLGGPSVFLFPPKPKDTLMISRTPEVTCVVVDVSHEDPEVKFNWYVDGVEVHNAKTKPREEQYNSTYRVVSVLTVLHQDWLNGKEYKCKVSNKALPAPIEKTISKAKGQPREPQVYTLPPSRDELTKNQVSLTCLVKGFYPSDIAVEWESNGQPENNYKTTPPVLDSDGSFFLYSKLTVDKSRWQQGNVFSCSVMHEALHNHYTQKSLSLSPG,-0.162687
QVQLVESGGGLVKPGGSLRLSCAASGRTFSSYAMGWFRQAPGKEREFVSAISGSGGSTYYADSVKGRFTISRDNAKNSLYLQMNSLRAEDTAVYYCAADLGDGSWVDYVNAEPYEYDYWGQGTLVTVSSGGGGSEPKSSDKTHTCPPCPAPELLGGPSVFLFPPKPKDTLMISRTPEVTCVVVDVSHEDPEVKFNWYVDGVEVHNAKTKPREEQYNSTYRVVSVLTVLHQDWLNGKEYKCKVSNKALPAPIEKTISKAKGQPREPQVYTLPPSRDELTKNQVSLTCLVKGFYPSDIAVEWESNGQPENNYKTTPPVLDSDGSFFLYSKLTVDKSRWQQGNVFSCSVMHEALHNHYTQKSLSLSPG,-0.154936
QVQLQESGGGLVQPGGSLRLSCAASGKMSSRRCMAWFRQAPGKERERVAKLLTTSGSTYLADSVKGRFTISQNNAKSTVYLQMNSLKPEDTAMYYCAADSFEDPTCTLVTSSGAFQYWGQGTQVTVSGGGGSEPKSSDKTHTCPPCPAPELLGGPSVFLFPPKPKDTLMISRTPEVTCVVVDVSHEDPEVKFNWYVDGVEVHNAKTKPREEQYNSTYRVVSVLTVLHQDWLNGKEYKCKVSNKALPAPIEKTISKAKGQPREPQVYTLPPSRDELTKNQVSLTCLVKGFYPSDIAVEWESNGQPENNYKTTPPVLDSDGSFFLYSKLTVDKSRWQQGNVFSCSVMHEALHNHYTQKSLSLSPG,-0.195505
EVQLVESGGGLVQPGGSLKLSCAASGFDFSSHWMYWVRQAPGKELEWLSEINTNGLITQYGDSVKGRFTVSRNNAANKMYLELTRLEPEDTALYYCARNQHGLNKGQGTQVTVSSGGGGSEPKSSDKTHTCPPCPAPELLGGPSVFLFPPKPKDTLMISRTPEVTCVVVDVSHEDPEVKFNWYVDGVEVHNAKTKPREEQYNSTYRVVSVLTVLHQDWLNGKEYKCKVSNKALPAPIEKTISKAKGQPREPQVYTLPPSRDELTKNQVSLTCLVKGFYPSDIAVEWESNGQPENNYKTTPPVLDSDGSFFLYSKLTVDKSRWQQGNVFSCSVMHEALHNHYTQKSLSLSPG,-0.158096
DVQLVESGGGLVQAGGSLSISCAASGGSLSNYVLGWFRQAPGKEREFVAAINWRGDITIGPPNVEGRFTISRDNAKNTGYLQMNSLAPDDTAVYYCGAGTPLNPGAYIYDWSYDYWGRGTQVTVSSGGGGSEPKSSDKTHTCPPCPAPELLGGPSVFLFPPKPKDTLMISRTPEVTCVVVDVSHEDPEVKFNWYVDGVEVHNAKTKPREEQYNSTYRVVSVLTVLHQDWLNGKEYKCKVSNKALPAPIEKTISKAKGQPREPQVYTLPPSRDELTKNQVSLTCLVKGFYPSDIAVEWESNGQPENNYKTTPPVLDSDGSFFLYSKLTVDKSRWQQGNVFSCSVMHEALHNHYTQKSLSLSPG,-0.186267
QLQLVESGGGLVQPGGSLRLSCAASGGIFSIGVMGWYRQAPGKQRELVATITSRGSTNYADSVKGRFTISGDNAKNTVYLQMNNLKPEDTAVYYCYADLIRPGDFYGMDYWGKGTLVTVSSGGGGSEPKSSDKTHTCPPCPAPELLGGPSVFLFPPKPKDTLMISRTPEVTCVVVDVSHEDPEVKFNWYVDGVEVHNAKTKPREEQYNSTYRVVSVLTVLHQDWLNGKEYKCKVSNKALPAPIEKTISKAKGQPREPQVYTLPPSRDELTKNQVSLTCLVKGFYPSDIAVEWESNGQPENNYKTTPPVLDSDGSFFLYSKLTVDKSRWQQGNVFSCSVMHEALHNHYTQKSLSLSPG,-0.161052
QVQLVESGGGSVQVGGSLRLSCAASGFTYNSYSVGWFRQAPGKEREGVAAINSGGSSTYYAASVKGRFTISRDNAKNTVYLQMNSLKPEDTAMYYCAARSPSPLTFQTRTLREDSYNYWGQGTQVTVSSGGGGSEPKSSDKTHTCPPCPAPELLGGPSVFLFPPKPKDTLMISRTPEVTCVVVDVSHEDPEVKFNWYVDGVEVHNAKTKPREEQYNSTYRVVSVLTVLHQDWLNGKEYKCKVSNKALPAPIEKTISKAKGQPREPQVYTLPPSRDELTKNQVSLTCLVKGFYPSDIAVEWESNGQPENNYKTTPPVLDSDGSFFLYSKLTVDKSRWQQGNVFSCSVMHEALHNHYTQKSLSLSPG,-0.178697
DVQLQASGGGSVQAGGSLRLSCAASGYTIGPYCMGWFRQAPGKEREGVAAINMGGGITYYADSVKGRFTISQDNAKNTVYLLMNSLEPEDTAIYYCAADSTIYASYYECGHGLSTGGYGYDSWGQGTQVTVSSGGGGSEPKSSDKTHTCPPCPAPELLGGPSVFLFPPKPKDTLMISRTPEVTCVVVDVSHEDPEVKFNWYVDGVEVHNAKTKPREEQYNSTYRVVSVLTVLHQDWLNGKEYKCKVSNKALPAPIEKTISKAKGQPREPQVYTLPPSRDELTKNQVSLTCLVKGFYPSDIAVEWESNGQPENNYKTTPPVLDSDGSFFLYSKLTVDKSRWQQGNVFSCSVMHEALHNHYTQKSLSLSPG,-0.215932
QVQLVESGGGLVQAGGSLRLSCAASGYAYTYIYMGWFRQAPGKEREGVAAMDSGGGGTLYADSVKGRFTISRDKGKNTVYLQMDSLKPEDTATYYCAAGGYELRDRTYGQWGQGTQVTVSSGGGGSEPKSSDKTHTCPPCPAPELLGGPSVFLFPPKPKDTLMISRTPEVTCVVVDVSHEDPEVKFNWYVDGVEVHNAKTKPREEQYNSTYRVVSVLTVLHQDWLNGKEYKCKVSNKALPAPIEKTISKAKGQPREPQVYTLPPSRDELTKNQVSLTCLVKGFYPSDIAVEWESNGQPENNYKTTPPVLDSDGSFFLYSKLTVDKSRWQQGNVFSCSVMHEALHNHYTQKSLSLSPG,-0.16602
QVQLVESGGALVQPGGSLRLSCAASGFPVNRYSMRWYRQAPGKEREWVAGMSSAGDRSSYEDSVKGRFTISRDDARNTVYLQMNSLKPEDTAVYYCNVNVGFEYWGQGTQVTVSSGGGGSEPKSSDKTHTCPPCPAPELLGGPSVFLFPPKPKDTLMISRTPEVTCVVVDVSHEDPEVKFNWYVDGVEVHNAKTKPREEQYNSTYRVVSVLTVLHQDWLNGKEYKCKVSNKALPAPIEKTISKAKGQPREPQVYTLPPSRDELTKNQVSLTCLVKGFYPSDIAVEWESNGQPENNYKTTPPVLDSDGSFFLYSKLTVDKSRWQQGNVFSCSVMHEALHNHYTQKSLSLSPG,-0.16175
EVQLVESGGGLVQPGGSLRLSCAASGRTFSYNPMGWFRQAPGKGRELVAAISRTGGSTYYPDSVEGRFTISRDNAKRMVYLQMNSLRAEDTAVYYCAAAGVRAEDGRVRTLPSEYTFWGQGTQVTVSSHHHHHH,-0.301323
EVQLVESGGGLVQPGGSLRLSCAASGFTFSDYWMYWVRQAPGKGLEWVSEINTNGLITKYPDSVGRFTISRDNAKNTLYLQMNSLRPEDTAVYYCARSPSGFNRGQGTLVTVSSHHHHHH,-0.205517
QVKLEESGGGLVQAGRSLRLSCAASEHTFSSHVMGWFRQAPGKERESVAVIGWRDISTSYADSVKGRFTISRDNAKKTLYLQMNSLKPEDTAVYYCAARRIDAADFDSWGQGTQVTVSSHHHHHH,-0.283904
EVQLVESGGGLVQPGGSLRLSCAASGSVFKINVMAWYRQAPGKGRELVAGIISGGSTSYADSVKGRFTISRDNAKNTLYLQMNSLRPEDTAVYYCAFITTESDYDLGRRYWGQGTLVTVSSHHHHHH,-0.296455
DVQLVESGGGLVQPGGSLRLSCAASGRTFSSYVVGWFRQAPGKEREFIGAISGSGESIYYAVSEKGRFTISRDNSKNTLYLQMNSLRPEDTAVYYCTADQEFGYLRFGRSEYWGQGTLVTVSSHHHHHH,-0.333582
EVQLVESGGGLVKPGGSLRLSCAASGRPVSNYAAAWFRQAPGKEREFVSAINWQKTATYADSVKGRFTISRDNAKNSLYLQMNSLRAEDTAVYYCAAVFRVVAPKTQYDYDYWGQGTLVTVSSHHHHHH,-0.279181
DVQLVESGGGVVQPGGSLRLSCAASGRTVSSYAMGWFRQAPGKEREFVAGISRSAERTYYVDSLKGRFTISRDNSKNTVYLQMNSLRPEDTALYYCAADLDPNRIFSREEYAYWGQGTLVTVSSHHHHHH,-0.311491
DVQLVESGGGLVQPGGSLRLSCAASGRTFSEYAMGWFRQAPGKEREFVATISWSGGATYYTDSVKGRFTISRDNAKNTVYLQMNSLRPEDTAVYYCAAAGLGTVVSEWDYDYDYWGQGTLVTVSSHHHHHH,-0.262181
QVQLVESGGGLVKPGGSLRLSCAASGRTFSSYAMGWFRQAPGKEREFVSAISGSGGSTYYADSVKGRFTISRDNAKNSLYLQMNSLRAEDTAVYYCAADLGDGSWVDYVNAEPYEYDYWGQGTLVTVSSHHHHHH,-0.248045
QVQLQESGGGLVQPGGSLRLSCAASGKMSSRRCMAWFRQAPGKERERVAKLLTTSGSTYLADSVKGRFTISQNNAKSTVYLQMNSLKPEDTAMYYCAADSFEDPTCTLVTSSGAFQYWGQGTQVTVSHHHHHH,-0.336203
EVQLVESGGGLVQPGGSLKLSCAASGFDFSSHWMYWVRQAPGKELEWLSEINTNGLITQYGDSVKGRFTVSRNNAANKMYLELTRLEPEDTALYYCARNQHGLNKGQGTQVTVSSHHHHHH,-0.269832
DVQLVESGGGLVQAGGSLSISCAASGGSLSNYVLGWFRQAPGKEREFVAAINWRGDITIGPPNVEGRFTISRDNAKNTGYLQMNSLAPDDTAVYYCGAGTPLNPGAYIYDWSYDYWGRGTQVTVSSHHHHHH,-0.344044
QLQLVESGGGLVQPGGSLRLSCAASGGIFSIGVMGWYRQAPGKQRELVATITSRGSTNYADSVKGRFTISGDNAKNTVYLQMNNLKPEDTAVYYCYADLIRPGDFYGMDYWGKGTLVTVSSHHHHHH,-0.25875
QVQLVESGGGSVQVGGSLRLSCAASGFTYNSYSVGWFRQAPGKEREGVAAINSGGSSTYYAASVKGRFTISRDNAKNTVYLQMNSLKPEDTAMYYCAARSPSPLTFQTRTLREDSYNYWGQGTQVTVSSHHHHHH,-0.286276
DVQLQASGGGSVQAGGSLRLSCAASGYTIGPYCMGWFRQAPGKEREGVAAINMGGGITYYADSVKGRFTISQDNAKNTVYLLMNSLEPEDTAIYYCAADSTIYASYYECGHGLSTGGYGYDSWGQGTQVTVSSHHHHHH,-0.400994
QVQLVESGGGLVQAGGSLRLSCAASGYAYTYIYMGWFRQAPGKEREGVAAMDSGGGGTLYADSVKGRFTISRDKGKNTVYLQMDSLKPEDTATYYCAAGGYELRDRTYGQWGQGTQVTVSSHHHHHH,-0.278462
QVQLVESGGALVQPGGSLRLSCAASGFPVNRYSMRWYRQAPGKEREWVAGMSSAGDRSSYEDSVKGRFTISRDDARNTVYLQMNSLKPEDTAVYYCNVNVGFEYWGQGTQVTVSSHHHHHH,-0.267715
EVQLVESGGGLVQPGGSLRLSCATSGFTFNRYWMSWVRQAPGKGLEWVANIDEHGSEKNYADYVKGRFTISRDNATTSLFLQMNSLRVEDSALYYCTLGDYWGQGTLVTVSS,-0.222377
EVQLVQSGAEVKKPGESLRISCKGSGYSFTSYWISWVRQMPGKGLEWMGRIDPSDSSANYSPSFQGHVTISADKSISTAYLQWSSLKASDTAVYFCMIFGAWGQGTLVTVSS,-0.275249
EVQLVESGGGLVQPGRSLRLSCTASGFTFGDYAMNWVRQAPGKGLEWLGFIESKGYGGTTEYAASVKGRFIISRDDSKSIAYLQMNSLKTEDTAVYYCTPGDYWGQGTLVTVSS,-0.19102
QVQLQQWGAGLLKASETLSLSCAVYGGSFSGYSWSWIRQPPGKGLEWIGEINDSETTTYDPSLKGRVTMSRDTSTNLFSLKLTSVTAADTAVYYCAITYFWGQGTVVTVSS,-0.436918
EVQVVESGGGLVQPGGSLRLSCAVSGLSFSNYWMNWVRQAPGKGLEWVANIKPDGSQKYYVDSVKGRFTISRDDAKYSVYLQMNNLRAEDTAVYYCMTGGGYWGQGTLVTVSS,-0.227015
QVQLVESGGDLVKPGGSLRLSCAGSGFSFSDYYMNWIRQPPGKGPEWLSYISGSSNLTAYAASVKGRFTISRDNAKNSLYLQMDSLRVDDTAIYYCGTPGIPWGQGTLVTVSS,-0.248038
EVHLVESGGGLVKPGGSLRLSCAASGFTFRNYSMNWVRQAPGKGLEWVSSISNSSSYIYYADSVKGRFTISRDNAKNSLYLQMNSLRAEDTAVYYCARTSDTWGQGTLVTVSS,-0.18626
EVQLLESGGGLVQPGGSLRLSCAVSGFTFSNYAMTWVRQAPGKGLEWVSSITNSGGGTYYADSVKGRFTVSRDNSKSTLYLQLDSLRAEDTAVYYCASNLVHWGQGTLVTVSS,-0.16591
EVQLVQSGAEVKKPGESLRISCKGSGYSFTNYWITWVRQMPGKGLEWMGRIDPSDSYTNYSPTFQGHVTFSADKSNSTAYLQWSSLEASDTAMYYCARQGLDVWGQGTTVTVSS,-0.285202
EVQVVESGGGLVKPGGSLRLSCAASGFTFTNAWVSWVRQAPGKGLEWVGRLRGKTGGGTRDYAAPVKGRFTISSDDSKVTLYLQMNSLKTDDTAVYYCITKNVPDWGQGTLVTVSS,-0.290614
QVQLVESGGGLVKPGGSLRLSCAASGFTFSDYYMSWIRQAPGKGLEWVSYISSSSSYTNYADSVKGRFTISRDNAKNSLYLQMNSLRAEDTAVYYCARDFTDVWGKGTTVTVSS,-0.089521
VQLVESGGGLVEPGGSLRLSCAASGFTFSNSDMNWVRQAPGKGLEWVSGVSWNGSRTHYADSVKGRFIISRDNSRNFLYQQMNSLRPEDMAVYYCVKVVTTEWGQGTLVTVSS,-0.31135
EVQLLESGGGLVQPGGSLRLSCAASGFTFSSFAMSWVRQAPGKGLEWVSGISGSGGSTYYADSVKGRFTISRDNSKNTLHLHMNNLRAEDTAVYYCASNWNFQHWGQGTLVTVSS,-0.190975
EVQLVESGGGLVQPGRSLRLSCEASGFSFNDYTMHWVRQAPGKGLEWVSGISWNSGSIGYADSVKGRFIISRDNAKNSLYLHINSLKVEDTAFYYCAKDIPLDSWGQGTLVTVSS,-0.198574
EVKLVESGGGFVQPGGSLRLSCAASGFTFSGYWMTWVRQAPGKGLEWVANIKYDGSEKYYVDSVKGRFTISRDNAENSLYLQVDNLRAEDTAVYSCARGRDIDFWGQGTLVSVSS,-0.271495
EVQLVESGGGLVQPGGSLRLSCAASGFTFSTYWMQWVRQDPGKGLVWVSRINSDGSRTNYADSVKGRFTISRDNAKNTLYLQMNSLRAEDTAVYYCARGGYFDYWGQGTLVTVSS,-0.128795
EVQLMESGGALVQPGGSLRLSCVVSGFTVSTNYMSWVRQARGKGLEWVSAIDVGGSTFYADSVKGRFTISRDNSKNTLYLQMNSLRVEDTAVYYCARDRIAIFSWGKGTTVTVSS,-0.22686
QLQLQESGPGLVKASETLSLSCTVSGGSINTASYYWGWIRQPPGKGLEWIGSIFYNGYTQYNPSLKSRVTMSIATSKNQFSLKLTSVTAADTALYYCARSTWYFDSWGQGTLVPVSS,-0.294238
QAQLVQSGAEVKKPGASVKVSCKASGFIFTMFGISWVRQAPGQGLEWMGWISAYNGDTKYAQKFQGRITVTTDKSTSTAYLHLKSLTRDDTAVYYCARAYDSLDVWGPGTTVTVSS,-0.238308
QVQLQESGPGLVKPSQTLSLTCTVSGGSISSGTYHWSWIRQPAGKGLEWIGRIYTSGSTNYNPSLKSRVTISVDTSKNQFSLKLSSVTAADTAVYYCASSGFYFDFWGQGTLITVSS,-0.191975
QVRLVESGGGAVQPGESLRLSCAASGFTFRNYPMQWVRHAPGRGLEWVGYIRSDGSNAYYGDSVKGRFTISRDNSNNIVFLQMDSLRLEDTAIYFCAKEDWGLPRDWGQGTRVTVSS,-0.256975
QVQLQESGPGLVKPSETLSLTCSVSGGSISRSYWSWIRQPPGQGLEWIGYIYDSGSTNYNPSLKSRVTISVDTSKNQFSLKLNSVTAADTAVYYCARRIREAFDIWGQGTMVTVSS,-0.194885
QVQLVQSGAEVKKPGASVNISCKASGYTFSDYFIHWVRQAPGQGLEWMGWINPDTGITKYAEKFQGRVSMTRDTSISTAHMALSRLRSDDTAVYYCAKDRVYSLDLWGQGTLVTVSS,-0.241016
QVRLEQSGAEVKKPGASVKVSCEVFGYTLTKLSIHWVRQSPGKGLEWMGGFDPEDDETVYAQKFQGRVTMTKDTSTDTAYMELSSLRSEDTAVYYCATLTIFHMDVWGKGTTVTVSS,-0.280936
QVQLVASGGGVVQPGRSLRLSCAASGFTFSNYAMHWVRQAPGKGLEWVAFISYDGSNKYYADSVKGRFTISRDNSENTLYLQMNSLIPEDTAVYFCARSGVASTLDYWGQGTLVTVSS,-0.183875
QVQLQQWGAGLLKPSETLSVTCAVYGGSFIGSSWIWIRQPPEKGLEWIGEINHGGSTTYNPSLKSRVTISLDMSKNQFSLNLTSVTAADTAVYYCATDRGSLAAVDWGQGTLVTVSS,-0.432491
QVQVVESGGGVVQPGGSLRLSCVASGFTFSTSGMHWVRQAPGKGLEWVAFIHYHGGEIDYVDSVKGRFTISRDNSMNTLYLQMDSLNVEDTAIYSCARDVRGLPFDIWGQGTRVTVSS,-0.292065
QVHLQESGPGLVKPSETLSLICSVSGFSISSGYYWGWIRQPPGRALEWVGSMYHDGDAYYSPSLMSRVAMSADTSKNQVSLKLRSVTAADTAVYYCARGLVGGASDYWGQGILVSVSS,-0.283218
QLQLQESGPGRWKPSETLALRCSVFGPAIRNPSVYWGWIRQPPGKGLEWIGSIHYTGTTRYNPSLKTRVTISIDTSKNQFSLNLTSVTAADTAVYFCARHSQAVNAFDIWGHGTLV,-0.398228
HVQLVESGGGLVKPGGSLRLSCAVSGFTVSDSYMFWIRQSPGKGLEWVAHISSADWVIYYSDSVKGRFFISKDHANNSLFLQMNSLRDDDTAVYYCARGSGLAGPLDVWGKGTTVTVSS,-0.370663
QVQLMESGGGLVKPGGSLRLSCAVSGFTFSDYYMSWIRQAPGKGLEWVSYISIGSADTNYADSVRGRFTISRDDAKNSLYLQMNSLRADDAAVYYCRLYSNYDYYFDYWGQGTLVTVSS,-0.194338
QVQLVESGGGVIQPGRSLRLSCAASGFTFSSHVMQWVRQAPGKGLEWVTVISSDGSKKEYVDSVKGRFTISRDNSKNTVYLQMNSLRAEDTAVYYCARVDILIGFTDYWGQGTQVTVSP,-0.189345
EVQLLESGGGLVQPGGSLRLSCAGSGFTFSSYAMNWVRQAPGKGLEWVSAIDNIGSSIYYADSVKGRFTISRDNSKNTLHLQMTSLRAEDTAIYYCGRGGGVGATMVEYWGQGSQVTVSS,-0.16774
QMQLVQSGAEVRKPGASVKVSCKASGYTFTGHYIHWVRQAPGRGPEWMGWINPNSGGTNSSQSFQGRVTMTRDTSISTAYMELSRLTSDDTAVYSCARARYGDYYYFDSWGQGTLVTVSS,-0.239321
EVHLVESGGGLVKPGGSLRLSCGASGFTFADYTMRWFRQAPGKGLEWVSFIRSEAYGGTTEYAASVKGRFTILRDDSKSTAYLQMNSLKTDDTAVYYCTRDRSEYSSPSLYWGQGTLVTVSS,-0.277885
QVELHQWGAELLKPSETLSLTCAVYGGPLSGYYWSWIRQSPGKGLEWIGEIHHGGSANYNPSLKSRVAISTVTYKNQFSLKLTSVTAADTGVYYCAVGFNFHYYYMDVWGKGTTVIVSS,-0.419478
EVQVVESGGGLIQPGGSLRLSCAASGFTVSSSYMGWVRQAPGKGLAWVSLFYSDTTGGATYYADLVKGRFTISRDRSKNTLDLQMNNLRAEDTALYYCAGHSRVYGSPAFDFWGQGTMVTVSS,-0.323184
EVQLLESGGGLVQPGGSLRLSCEASGFTLSDYAMSWVRQTPGTGLVWVSTTGRVGDTYYADSVKGRFSISRDNSKNTMFLQMNGLRAEDTAVYYCARNIVPARSKWFDPWGQGTLVTVSS,-0.237003
QVQLQQWGAGLLKPSETLSLTCAVYGGSFSGYYWIWIRQPPGKGLEWIGEINHSGGTNYNPSLKSRVTISVDTSKNQFSLKLSSVTAADTAMYYCARLKSRSSWAAFDIWGQGTMVSVSS,-0.369844
EVQLVQSGAEVKKPGESLRISCKGSGYSFTSYWISWVRQMPGKGLEWMGKIDPSDSYTNYSPSFQGHVTISADKSISTAYLQWSSLKASDTAMYYCARHSRGGSSYWFDPWGQGTLVTVSS,-0.277588
EVQLLESGGGLVQPGGSLRLSCAASGFTFSSHAMSWVRQAPGKGLEWVSIISIRGDITYYADSVKGRFTISRDNSKNTLILQMNSLRADDTGVYYCAKPRGENIGRLGVDYWGQGTLVTVSS,-0.191397
EVQLLESGGDLVHPGGSLRLSCVVSGFTFDTQAFAWIRQAPGKGLEWVSGITGDTGATYYADAVRGRFTLSRDNSKKTLYLQMNDLRVEDTALYYCARYDYIGRLKASFGLWGRGALVTVSS,-0.239104
EVQLVESGGGLVQPGRSLRLSCAASGFTFDDSAMHWVRQAPGKGLEWVSGISWNSGSIGYADSVKGRFTISRDNAKNSLYLQMNSLRAEDTALYYCAKDTDFSGYYYYMDVWGKGTTVTVSS,-0.190747
QVQLVQSGAEVKKPGSSVKVSCKASGGTFSSFAISWVRQAPGQGLEWMGGIIPIYGTANYAQKFQGRVTITADESTSTAYMELSSLRSEDTAVFYCAIASMIADWYYGMDVWGQGTTVTVSS,-0.285943
EVQLVQSGAEVKKPGESLRISCQGSGYTFTSYWIGWVRQMPGKGLEWMGITNPDDSDSRYSPSFQGLVTLSVDKSINAAYLQWSRLKASDTAIYYCARAQWDIVSPGNAFDIWGQGTRVTVSS,-0.274828
QVQLQQWGAGLLKPSETLSLTCAVYGGSFSGYYWNWIRQHPGKGLEWIGEINQSGSTNYNPSLKSRVTISVDTSKNQFSLKLSSVTAADTAVYFCARTLRATFVTGGQVHVWGQGTTVTVSS,-0.35876
QVRLVESGGGVAQPGKSLRLSCAASGFTFSNFGMHWIRQAPGKGLEWVAVISFDGSNKFERDSLKGRFTISRDNSKNTLYLHMNSLRPEDTAVYYCAKEFGGAISGKDAFDAWGQGTMVAVSS,-0.27187
QLQLQQSGSRLLKPSQTLSVTCTVSGDSVDSGAHSWTWIRQPPGKGLEWIGYVSHSGVTYYVPSLRSRVTMSVDRSKKQVFLKVGSVTAADTAVYYCARGGWDYEDYVPNLDYWGQGTLLTVSS,-0.33569
QVQLHQWGAGLLKPSETLSLTCAVSGGSLSEDFWSWTRQSPGKGLEWLGEINHSGSTNYNASLRSRVTISVDASKNQFSLRLTSVTAADTAVYFCARRLTLVAHSFHNYMDVWGKGTPVTVSS,-0.357887
QLVESGGGVVRPGSSLRLSCASSGFTLSSYGMHWVRQAPGKGLDWVAVIWYDRSNVYYGDSVKGRFTISRDNSKNTVFLQMNSVRAEDTAVYYCARVKEQWLSRGGNSFDLWGQGTLVTVS,-0.158808
EVQLVQSGAEVKEPGESLRISCKGSGYSFTKSYITWVRQLPGKGLEWMGEIDPRDSYVNYSPSFQGHVTLSADNFITTAYLQWSSLRASDTAMYYCARRSDDYGDYYGRYFDYWGQGTLVTVSS,-0.343201
QVQLVESGGGLVKPGGSLRLSCTASGFIFGDHYMSWIRQAPGKGLEWVSYITSSSSYTNYADSVKGRFTISRDNAKKSLFLQMNSLRAEDTAVYYCARVESVVVPIAGNWFDSWGQGTLVTVSS,-0.169949
EVQLLESGGRLVQPGGSLRLSCATSGFTFTSFAMTWVRRAPGKGLEWVSSIGGSGVRTYYADSVKGRFTISRDNSKNTVYLQMNSLRAEDTAIFYCAKFAPFWTTTDYDYYMDVWGKGTTVTVSS,-0.248275
QVQLVDSGGGVVQPGRSLRLSCAASGFTFSDYAFHWVRQAPGKGLQWVTFMSYDGSKKFYADSVKGRFTISRDNSKNTVYLQMNSLRPEDTAVYYCARDNLQMGILTAIGVVDHWGQGTLVTVSS,-0.219835
EVQLVESGGGLVQPGGPLRLSCVASEFTFSEYWMTWIRQAPGEGLEWVANIKGDGSVKYYVDSVEGRFTISRDNADSSLFLRMNSLRAEDTAMYYCVRDRNYHDRRTYYDVLDVWGPGTMVTVSS,-0.275778
QEQLVESGGGVVQPGRSLRLSCAASGFTFRTFAIHWVRQVPGKGLEWVAVISYDGSNEYYSDSVKGRFTISRDNSKNTLYLQMNSLRAEDTALYYCARDWGGYSHFAYYSYMDVWGKGTTVTVSS,-0.201394
EVQLVQSGAEVKKPGESLKISCKGSGYNFATYWIAWVRQMPGKGLEWMGIIYPADSDTTYSPSFQGQVTISADKSISTAYLQWSSLKASDTAMYYCARRADYYDSSGDYLDAFDIWGQGTMVTVSS,-0.227574
LQLQESGPGLVRPSETLSLTCSVSGGSISSSDHLWGWIRQPPGKGLQWVGSIYYTGRTYDNPSLRGRLTISVDTSRNQFSLRLNSVTAADTAVYYCARHDEARPYFYRSSGYFDMWGQGTVLTVSS,-0.274545
HLAQSGGGVVQPGRSLTLSCAASGFTFASSDMHWIRQGPGKGLEWVAVISFTGETKNYADSVRGRFTISRDNSRSTLHLQMYGLRADDTAVYYCASGPHHSGSGTYYPSYLYGWGPGAPVTVSS,-0.337749
QVQLQQWGAGLLKPSETLSLTCAVYNGSSSAHYWSWVRQPPGKGLEWIGEISHGGSTTYNPSLKGRVSISVDTPKNQFSLNLSSVTAADTAVYYCATRAIHFRNRNFYSFYVEVWGKGTTVTVSS,-0.395114
EVQLLESGGGLVQPGGSLRLSCAASGFTFSNSAMSWVRQAPGKGLEWVSGIGGSGRTTYYAESVKGRFTISRDNSNNTLYLQMNSLRAEDTAFYYCAKDGRGLSIFGVLTPYYFDYWGQGALVTVSS,-0.228577
QVQLQQSGPGLVKPSQTLSITCDISGDSVSSNSAAWNWIRQSPSRGLEWLGRTYYKSKWYDDYAVSVKSRITINPDTSMNRFSLHLKSVTPEDAAVYYCARERVSMVRGIIMTYYGMDVWGQGTTVSVSS,-0.337806
QVLLEEAGPGLVKPSETLSLTCTVSRGSVSSSSYNWGWIRQTPGKGLEWIGSIYHSGTTYYNPSLRSRVTISADTSNERFSLNLSYVTAADTAVYYCARGTITIFGPFIDRGYYFDYWGQGILVTVPS,-0.379944
EVQLVESGGGLVQPGGSLRLSCAGSGFIFSSYEVNWVRQAPGKGLEWISYITESGNVIFYADSVKGRFTISRDNAKSSVYLQMNSLRVDDTAVYFCARMGEWNLRLGDPYYHAMDVWGQGTRVTVSS,-0.234061
EVQLVESGGGLIQPGGSLRLSCAASGFSVSNSYMSWVRQAPGKGLEWVSFIYSGGSTYYADSVKGRFTISRDNSKNTLFIQMNSLRVEDTAVYYCARVSEYDFWTGQRYYFYYMDVWGKGTTVTVSS,-0.184099
QLQLQESGPGLVKPSETLSLTCSVSGGSISTSPYYWGWIRQPPGKGMEWIGTINYRGTTFHNPSLTSRVTLSVDPSKNQFSLRLNSVTAADTAVFYCARLAEDYRSSSGFPRGYYFDYWGQGILVTVSS,-0.295709
QVQLVQSGTEVKKPGASVIVSCKASGYNFRSFGISWVRQAPGQGLEWMGWISGYSGDTNYIQKLHDRVIMTTDTSTDTAYMELRSLTSDDTAVYFCARDDVGDGRNSDIHLRGDFEYWGQGTLVIVSS,-0.260634
QVHLMQSGPELKKPGASVKVSCKASGYTFTDYGLTWVRQAPGQGLEWMGWISTYKGDTNYEQKFHHRVTLTTDTSTSTAYMELRSLRVDDTAVYYCARGLFGVLISKIRFSYYYMDVWGQGTTVTVSS,-0.280911
QVQLVESGGGLVKPGGSLRLSCAASGFTFSDYYMSWIRQAPGKGLEWVSYISSTSSYTKYADSVKGRFTISRDNAKNSLYLQMNSLRAEDTSVFYCARLLEPTYYDILTGSNGYYFDYWGQGTLVTVSS,-0.178745
EVQLVESGGGLVKPGGSLTLSCAASGFTFSTYTMNWVRQAPGKGLEWVSSISSSSDDIFYADSLKGRFTVSRDNARNSLYLQMNSLRAEDTAVYYCARDQLTSTIVARALRYYPYMDVWGRGTTVTVSS,-0.191257
QVQLQQSGPGLVKPSQTLSLTCVISGDSVSSNSAAWNWIRQSPSRGLEWLGRTYDRSKWYNDYAVSVKGRITINPDTSKNQFSLQLTSVTPEDTAVYYCARDRGLAGHYYDSNVYYGAFDIWGQGTMVTVSS,-0.286452
QVQLQESGPGLVKPSETLSLTCTVSGGSVSSGSYYWSWIRQPPGKGLEWIGYIYYSGSTNYNPSLKSRVTISVDTSKNQFSLKLSSVTAADTAVYYCARDNSFDPSDAVRDYYYYYMDVWGKGTTVTVSS,-0.180571
EVQLVESGGGLVQPGRSLRLSCTASGFTFGDYAMSWVRQAPGKGLEWVGFIRSKAYGGTTEYAASVKGRFTISRDDSKSIAYLQMNSLKTEDTAVYYCTRGVEDIVVVVAATPYYYYYMDVWGKGTTVTVSS,-0.21887
QVQLVQSGTEVKKTGASVRVSCKASGFSFSKYGVSWVRQAPGQGLEWMGYISANDGYREFTQTLQGRVTMTTDTSTNTAYMDVTSLRSDDSAVYYCARDVGHFGDLLNFSAERSSLMDVWGQGTTVTVSS,-0.267199
QVQMVESRGGVVQPGRSLRLSCAASGFTFSSYAIHWVRQAPGKALDWVALISYNGNDKYYADSVKGRFTVSRDNSKNTLYLQMNSLRGEDTAVYYCARGGIQITVTTSLRPAYFYYMDVWGKGTTVTVSS,-0.221622
EVQLVESGGGLVQPGGSLRLSCAASGFTFSSYEMNWVRQAPGKGLEWVSYISSSGSTIYYADSVKGRFTISRDNAKNSLYLQMNSLRAEDTAVYYCARGGIEGEILWWRDAGSDDAFDIWGQGTMVTVSS,-0.1543
QGQLVQSASEVKKPGTSVTVSCKASGYSFTSHGVSWVRQAPGQGLEWIGWVSPKNQNTKYSQRFQGRVSMTTDTSATTAYMELRSLTSDDTGVYYCARDSPPMGLGMGEYFGAYYYGMDVWGQGTTVSVSS,-0.308593
EVQLVESGGGLVQPGGSLRLSCAASGFTFSRYWMSWVRQAPGKGLEWVANIKQDGSEKYYVDSVKGRFTISRDNAKNSLYLQMNSLRAEDTAVYYCARASYDFWSGYYEPKKSATYAFDYWGQGTLVTVSS,-0.207894
QITLKESGPALVKPTQTLTLTCTLSGFSVSTSGVGVGWIRQPPGKALEWLALIYWDDDKRYSPSLKNRLTITKDPSKNQVVLTMTNMDPVDTGTYYCAHRVYYSDRSSYPRRPRIPSAFDYWGQGTLVTVSS,-0.198987
EVQLVESGGGLVKPGGSLRLSCAASGFTFSSYSMNWVRQAPGKGLEWVSSISSSSSYIYYADSVKGRFTISRDNAKNSLYLQMNSLRAEDTAVYYCAREGGSYYDILTGYYNGPPNWFDPWGQGTLVTVSS,-0.175301
EVQLVESGGGLVKPGGSLRLSCAASGFTFSSYSMNWVRQAPGKGLEWVSSISSSSSYIYYADSVKGRFTISRDNAKNSLYLQMNSLRAEDTAVYYCARGTWDYGMDVWGQGTMVTVSS,-0.125127
EVQLVESGGGLVQPGGSLRLSCAASGFTFSSYSMNWVRQAPGKGLEWVSYISSSSSTIYYADSVKGRFTISRDNAKNSLYLQMNSLRAEDTAVYYCAREVGYSYDAAWFDPWGQGTLVTVSS,-0.146375
EVQLVQSGAEVKKPGESLKISCKGSGYSFTSYWIGWVRQAPGKGLEWMGIIYPGGSDTRYSPSFQGQVTISADKSISTAYLQWSSLKASDTAVYYCAREAGTGDDYYMDVWGQGTTVTVSS,-0.214491
QLQLQESGPGLVKPSETLSLTCTVSGGSISSSSYYWGWIRQPPGKGLEWIGSIYYSGSTYYNPSLKSRVTISVDTSKNQFSLKLSSVTAADTAVYYCARAGYYWYHWYFDLWGRGTLVTVSS,-0.194914
QLQLQESGPGLVKPSETLSLTCTVSGGSISSSSYYWGWIRQPPGKGLEWIGSIYYSGSTYYNPSLKSRVTISVDTSKNQFSLKLSSVTAADTAVYYCAREAGDYYNLGYMDVWGKGTTVTVSS,-0.172977
QLQLQESGPGLVKPSETLSLTCTVSGGSISSSSYYWGWIRQPPGKGLEWIGSIYYSGSTYYNPSLKSRVTISVDTSKNQFSLKLSSVTAADTAVYYCAREGRWSSGMDVWGQGTTVTVSS,-0.179881
QVQLVQSGAEVKKPGASVKVSCKASGYTFTSYYMHWVRQAPGQGLEWMGIINPSGGSTSYAQKFQGRVTMTRDTSTSTVYMELSSLRSEDTAVYYCAREGPPYYYDYMDVWGKGTTVTVSS,-0.121742
QVQLQESGPGLVKPSGTLSLTCAVSGGSISSSNWWSWVRQPPGKGLEWIGEIYHSGSTNYNPSLKSRVTISVDKSKNQFSLKLSSVTAADTAVYYCARYYSGTHGYFDLWGRGTLVTVSS,-0.179023
EVQLVQSGAEVKKPGESLKISCKGSGYSFTSYWIGWVRQAPGKGLEWMGIIYPGGSDTRYSPSFQGQVTISADKSISTAYLQWSSLKASDTAVYYCAREGNYDSSGYYSPYLDVWGQGTMVTVSS,-0.201129
EVQLLESGGGLVQPGGSLRLSCAASGFTFSSYAMSWVRQAPGKGLEWVSAISGSGGSTYYADSVKGRFTISRDNSKNTLYLQMNSLRAEDTAVYYCAKDTYRWGYYYYMDVWGKGTTVTVSS,-0.121405
EVQLLESGGGLVQPGGSLRLSCAASGFTFSSYAMSWVRQAPGKGLEWVSAISGSGGSTYYADSVKGRFTISRDNSKNTLYLQMNSLRAEDTAVYYCARDLGYRYASYYYYYGMDVWGQGTTVTVSS,-0.126144
EVQLLESGGGLVQPGGSLRLSCAASGFTFSNYAMSWVRQAPGKGLEWVSAISGSGGSTYYADSVKGRFTISRDNSKNTLYLQMNSLRAEDTAVYYCAKPRWYYGEYFDLWGRGTLVTVSS,-0.138579
QVQLVQSGAEVKKPGSSVKVSCKASGGTFSNYAISWVRQAPGQGLEWMGGIIPIFGTANYAQKFQGRVTITADESTSTAYMELSSLRSEDTAVYYCAREVGYDIWRYYYYYGMDVWGQGTTVTVSS,-0.246918
QVQLVQSGAEVKKPGSSVKVSCKASGGTFSNYAISWVRQAPGQGLEWMGGIIPIFGTANYAQKFQGRVTITADESTSTAYMELSSLRSEDTAVYYCARDAGMYYIWPFDMWGQGTMVTVSS,-0.248292
QVQLVQSGAEVKKPGSSVKVSCKASGGTFSSYAISWVRQAPGQGLEWMGGIIPIFGTANYAQKFQGRVTITADESTSTAYMELSSLRSEDTAVYYCAREGVYDWHFDYWGQGTLVTVSS,-0.224487
QVQLVQSGAEVKKPGASVKVSCKASGYTFTGYYMHWVRQAPGQGLEWMGWINPSSGGTNYAQKFQGRVTMTRDTSISTAYMELSRLRSDDTAVYYCAREGLLQLEYYGMDVWGQGTTVTVSS,-0.129576
QVQLVQSGAEVKKPGASVKVSCKASGYTFTGYYMHWVRQAPGQGLEWMGSINPSSGGTNYAQKFQGRVTMTRDTSISTAYMELSRLRSDDTAVYYCARGGRMATGESWYFDLWGRGTLVTVSS,-0.140309
QVQLVQSGAEVKKPGASVKVSCKASGYTFTGYYMHWVRQAPGQGLEWMGSINPSSGGTNYAQKFQGRVTMTRDTSISTAYMELSRLRSDDTAVYYCARGKYPPAYVWGQGTTVTVSS,-0.151365
EVQLLESGGGLVQPGGSLRLSCAASGFTFSSYAMSWVRQAPGKGLEWVSAISGSGGSTYYADSVKGRFTISRDNSKNTLYLQMNSLRAEDTAVYYCARAGDYYDSSRLESFDYWGQGTLVTVSS,-0.123483
EVQLVESGGGLVKPGGSLRLSCAASGFTFSSYSMNWVRQAPGKGLEWVSSISSSSSYIYYADSVKGRFTISRDNAKNSLYLQMNSLRAEDTAVYYCARPGNIADTIGTLDLWGRGTLVTVSS,-0.14032
EVQLVESGGGLVKPGGSLRLSCAASGFTFSSYSMNWVRQAPGKGLEWVSSISSSSSYIYYADSVKGRFTISRDNAKNSLYLQMNSLRAEDTAVYYCARDSNDFWSDWYDFDLWGRGTLVTVSS,-0.134066
QVQLVESGGGVVQPGRSLRLSCAASGFTFSSYGMHWVRQAPGKGLEWVAVIWYEGSNKYYADSVKGRFTISRDNSKNTLYLQMNSLRAEDTAVYYCAKEAGTYYYASSGYTALDVWGQGTMVTVSS,-0.146422
EVQLVESGGGLVQPGGSLRLSCAASGFTFSSYSMNWVRQAPGKGLEWVSYISSSSSTIYYADSVKGRFTISRDNAKNSLYLQMNSLRAEDTAVYYCAREGGYGRVDVWGQGTMVTVSS,-0.113613
EVQLVESGGGLVQPGGSLRLSCAASGFTFSSYSMNWVRQAPGKGLEWVSYISSSSSTIYYADSVKGRFTISRDNAKNSLYLQMNSLRAEDTAVYYCARDLGGNYYRPIYGMDVWGQGTTVTVSS,-0.128475
EVQLVQSGAEVKKPGESLKISCKGSGYSFTSYWIGWVRQAPGKGLEWMGIIYPGGSDTRYSPSFQGQVTISADKSISTAYLQWSSLKASDTAVYYCARERIYGDYYGFDYWGQGTLVTVSS,-0.193917
EVQLVQSGAEVKKPGESLKISCKGSGYSFTSYWIGWVRQAPGKGLEWMGIIYPGGSDTRYSPSFQGQVTISADKSISTAYLQWSSLKASDTAVYYCAREGPYGYYDLTFDYWGQGTLVTVSS,-0.212022
EVQLVQSGAEVKKPGESLKISCKGSGYSFTSYWIGWVRQAPGKGLEWMGIIYPGGSDTRYSPSFQGQVTISADKSISTAYLQWSSLKASDTAVYYCARLPWDYVGYIDYWGQGTLVTVSS,-0.208611
QLQLQESGPGLVKPSETLSLTCTVSGGSISSSDYYWGWIRQPPGKGLEWIGSIYYSGSTYYNPSLKSRVTISVDTSKNQFSLKLSSVTAADTAVYYCAREGTSWYSGTIWFDPWGQGTLVTVSS,-0.205291
QLQLQESGPGLVKPSETLSLTCTVSGGSISSSDYYWGWIRQPPGKGLEWIGSIYYSGSTYYNPSLKSRVTISVDTSKNQFSLKLSSVTAADTAVYYCAREVGSYYELTWFDPWGQGTLVTVSS,-0.210449
QLQLQESGPGLVKPSETLSLTCTVSGGSISSSDYYWGWIRQPPGKGLEWIGSIYYSGSTYYNPSLKSRVTISVDTSKNQFSLKLSSVTAADTAVYYCARDTGSWELGYMDVWGKGTTVTVSS,-0.199196
QVQLQQWGAGLLKPSETLSLTCAVYGGSFSGYYWSWIRQPPGKGLEWIGEIDHSGSTNYNPSLKSRVTISVDTSKNQFSLKLSSVTAADTAVYYCARDRGGSSYLYDAFDIWGQGTMVTVSS,-0.320702
QVQLQQWGAGLLKPSETLSLTCAVYGGSFSGYYWSWIRQPPGKGLEWIGEIDHSGSTNYNPSLKSRVTISVDTSKNQFSLKLSSVTAADTAVYYCARGVGDDSGGYELNWFDPWGQGTMVTVSS,-0.360745
QLQLQESGPGLVKPSETLSLTCTVSGGSISSSDYYWGWIRQPPGKGLEWIGSIYYSGSTYYNPSLKSRVTISVDTSKNQFSLKLSSVTAADTAVYYCARETDSYSSASGSAFDPWGQGTLVTVSS,-0.199526
QVQLQESGPGLVKPSGTLSLTCAVSGGSISSSNWWSWVRQPPGKGLEWIGEIYHSGSTNYNPSLKSRVTISVDKSKNQFSLKLSSVTAADTAVYYCARDRGGNYYDSSGYYYLGPFDIWGQGTMVTVSS,-0.187255
QVQLQESGPGLVKPSGTLSLTCAVSGGSISSSNWWSWVRQPPGKGLEWIGEIYHSGSTNYNPSLKSRVTISVDKSKNQFSLKLSSVTAADTAVYYCARDRSSSWYTLGPFDIWGQGTMVTVSS,-0.184442
QVQLQESGPGLVKPSGTLSLTCAVSGGSISSSNWWSWVRQPPGKGLEWIGEIYHSGSTNYNPSLKSRVTISVDKSKNQFSLKLSSVTAADTAVYYCAREVASSGYYYYAPFDYWGQGTLVTVSS,-0.177317
QVQLVQSGAEVKKPGSSVKVSCKASGGTFSSYAISWVRQAPGQGLEWMGGIIPIFGTANYAQKFQGRVTITADESTSTAYMELSSLRSEDTAVYYCAREPGYYGSGISNFDYWGQGTLVTVSS,-0.216737
QVQLVQSGAEVKKPGSSVKVSCKASGGTFSSYAISWVRQAPGQGLEWMGGIIPISGTANYAQKFQGRVTITADESTSTAYMELSSLRSEDTAVYYCARGTTMSSPRRFDPWGQGTLVTVSS,-0.241262
QVQLVQSGAEVKKPGASVKVSCKASGYTFTGYYMHWVRQAPGQGLEWMGWINPSSGGTNYAQKFQGRVTMTRDTSISTAYMELSRLRSDDTAVYYCARESGYQYGELFDIWGQGTMVTVSS,-0.124763
EVQLLESGGGLVQPGGSLRLSCAASGFTFSSYAMSWVRQAPGKGLEWVSAISGSGGSTYYADSVKGRFTISRDNSKNTLYLQMNSLRAEDTAVYYCAKGGLGYMRYYYYYYGMDVWGQGTTVTVSS,-0.148252
QVQLQESGPGLVKPSGTLSLTCAVSGGSISSSNWWSWVRQPPGKGLEWIGEIYHSGSTNYNPSLKSRVTISVDKSKNQFSLKLSSVTAADTAVYYCARDAGRTDYDYYYYYGMDVWGQGTTVTVSS,-0.180293
QVQLQQSGAGLLKPSETLSLTCTVSGGSFSGYYWSWIRQPPGKGLEWIGEIDHSGSTNYNPSLKSRVTISVDTSKNQFSLKLSSVTAADTAVYYCARGVGDDSGGYELNWFDPWGQGTMVTVSS,-0.262626
QVQLQQSGAGLLKPSETLSLTCTVSGGSFSGYYWSWIRQPPGKGLEWIGEIDHSGSTNYNPSLKSRVTISVDTSKNQFSLKLSSVTAADTAVYYCARDRGGSSYLYDAFDIWGQGTMVTVSS,-0.220009
EVQLVESGGGLVQPGGSLRLSCAASGFNIKDTYIHWVRQAPGKGLEWVARIYPTNGYTRYADSVKGRFTISADTSKNTAYLQMNSLRAEDTAVYYCSRWGGDGFYAMDYWGQGTLVTVSS,-0.162326
EVQLVESGGGLVQPGGSLRLSCAASGFNIKDTYIHWVRQAPGKGLEWVARIYPTNGYTRYADSVKGRFTISADTSKNTAYLQMNSLRAEDTAVYYCTRYFFNGWYYFDVWGQGTLVTVSS,-0.15347
EVQLVESGGGLVQPGGSLRLSCAASGFNIKDTYIHWVRQAPGKGLEWVARIYPTNGYTRYADSVKGRFTISADTSKNTAYLQMNSLRAEDTAVYYCARYYYGFYYFDYWGQGTLVTVSS,-0.151618
EVQLVESGGGLVQPGGSLRLSCAASGFNIKDTYIHWVRQAPGKGLEWVARIYPTNGYTRYADSVKGRFTISADTSKNTAYLQMNSLRAEDTAVYYCARWGNYYYYMDYWGQGTLVTVSS,-0.159202
EVQLVESGGGLVQPGGSLRLSCAASGFNIKDTYIHWVRQAPGKGLEWVARIYPTNGYTRYADSVKGRFTISADTSKNTAYLQMNSLRAEDTAVYYCANDIYIQGYDLNRWGQGTLVTVSS,-0.197729
EVQLVESGGGLVQPGGSLRLSCAASGFNIKDTYIHWVRQAPGKGLEWVARIYPTNGYTRYADSVKGRFTISADTSKNTAYLQMNSLRAEDTAVYYCARYYGYGGYYFDYWGQGTLVTVSS,-0.135287
EVQLVESGGGLVQPGGSLRLSCAASGFNIKDTYIHWVRQAPGKGLEWVARIYPTNGYTRYADSVKGRFTISADTSKNTAYLQMNSLRAEDTAVYYCARWGGDFYAMDYWGQGTLVTVSS,-0.161133
EVQLVESGGGLVQPGGSLRLSCAASGFNIKDTYIHWVRQAPGKGLEWVARIYPTNGYTRYADSVKGRFTISADTSKNTAYLQMNSLRAEDTAVYYCARWYGYGGYYFDYWGQGTLVTVSS,-0.145639
EVQLVESGGGLVQPGGSLRLSCAASGFNIKDTYIHWVRQAPGKGLEWVARIYPTNGYTRYADSVKGRFTISADTSKNTAYLQMNSLRAEDTAVYYCARYGYAPGFYYMDVWGQGTLVTVSS,-0.15975
EVQLVESGGGLVQPGGSLRLSCAASGFNIKDTYIHWVRQAPGKGLEWVARIYPTNGYTRYADSVKGRFTISADTSKNTAYLQMNSLRAEDTAVYYCTRWGGYYYFDYWGQGTLVTVSS,-0.145864
EVQLVESGGGLVQPGGSLRLSCAASGFNIKDTYIHWVRQAPGKGLEWVARIYPTNGYTRYADSVKGRFTISADTSKNTAYLQMNSLRAEDTAVYYCAPYGPGYWYGVWGQGTLVTVSS,-0.202638
EVQLVESGGGLVQPGGSLRLSCAASGFNIKDTYIHWVRQAPGKGLEWVARIYPTNGYTRYADSVKGRFTISADTSKNTAYLQMNSLRAEDTAVYYCARYYYDYYYYFDYWGQGTLVTVSS,-0.133286
EVQLVESGGGLVQPGGSLRLSCAASGFNIKDTYIHWVRQAPGKGLEWVARIYPTNGYTRYADSVKGRFTISADTSKNTAYLQMNSLRAEDTAVYYCARYRHWYYDYDYWGQGTLVTVSS,-0.161009
QVQLQQSGGELAKPGASVKVSCKASGYTFSSFWMHWVRQAPGQGLEWIGYINPRSGYTEYNEIFRDKATMTTDTSTSTAYMELSSLRSEDTAVYYCASFLGRGAMDYWGQGTTVTVSS,-0.21002
QVQLVQSGAEVKKPGASVKVSCKVSGYTLSDLSIHWVRQAPGKGLEWMGGFDPQDGETIYAQKFQGRVTMTEDTSTDTAYMELSSLKSEDTAVYYCATGSSSSWFDPWGQGTLVTVSS,-0.207688
EVQLVESGGGLVQPGRSLRLSCAASGFTFDDYAMHWVRQAPGKGLEWVSAITWNSGHIDYADSVEGRFTISRDNAKNSLYLQMNSLRAEDTAVYYCAKVSYLSTASSLDYWGQGTLVTVSS,-0.18332
QVQLQESGPGLVRPSQTLSLTCTVSGFTFTDFYMNWVRQPPGRGLEWIGFIRDKAKGYTTEYNPSVKGRVTMLVDTSKNQFSLRLSSVTAADTAVYYCAREGHTAAPFDYWGQGSLVTVSS,-0.257939
EVQLVESGGGLVQPGGSLRLSCAASGFTFNNYAMNWVRQAPGKGLDWVSTISGSGGTTNYADSVKGRFIISRDSSKHTLYLQMNSLRAEDTAVYYCAKDSNWGNFDLWGRGTLVTVSS,-0.146975
EVQLVQSGAEVKKPGESLKISCKGSGYIFTNYWIAWVRQMPGKGLESMGIIYPGDSDIRYSPSFQGQVTISADKSITTAYLQWSSLKASDTAMYYCARHDIEGFDYWGRGTLVTVSS,-0.29733
EVQLVESGGGLVQPGGSLRLSCAASGFTFSDSWIHWVRQAPGKGLEWVAWISPYGGSTYYADSVKGRFTISADTSKNTAYLQMNSLRAEDTAVYYCARRHWPGGFDYWGQGTLVTVSS,-0.125473
EVQLLESGGGLVQPGGSLRLSCAASGFTFSNYGMSWVRQAPGKGLEWVASIRSGGGRTYYSDNVKGRFTISRDNSKNTLYLQMNSLRAEDTAVYYCVRYDHYSGSSDYWGQGTLVTVSS,-0.128185
QVQLQQSGTVLARPGASVKMSCKASGYSFTRYWMHWIKQRPGQGLEWIGAIYPGNSDTSYNQKFEGKAKLTAVTSASTAYMELSSLTHEDSAVYYCSRDYGYYFDFWGQGTTLTVSS,-0.255114
EVQLQQSGPELEKPGASVKLSCKASGYSFTGYNMNWVKQSHGKSLEWIGHIDPYYGDTSYNQKFRGKATLTVDKSSSTAYMQLKSLTSEDSAVYYCVKGGYYGHWYFDVWGAGTTVTVSS,-0.200854
QVQLQQSGAEVKKPGSSVRVSCKASGGTFNNNAINWVRQAPGQGLEWMGGIIPMFGTAKYSQNFQGRVAITADESTGTASMELSSLRSEDTAVYYCARSRDLLLFPHHALSPWGRGTMVTVSS,-0.304363
EVQLVQSGAEVKKPGASVKVSCKASGYTFTSYVIHWVRQRPGQGLAWMGYINPYNDGTKYNERFKGKVTITSDRSTSTVYMELSSLRSEDTAVYLCGREGIRYYGLLGDYWGQGTLVTVSS,-0.190648
EVQLVESGGGLVQPGGSLRLSCAASGYTFTNYGMNWVRQAPGKGLEWVGWINTYTGEPTYAADFKRRFTFSLDTSKSTAYLQMNSLRAEDTAVYYCAKYPHYYGSSHWYFDVWGQGTLVTVSS,-0.176273
QVQLVQSGAEVKKPGASVKVSCKASGYTFTSSYINWVRQAPGQGLEWMGTINPVSGSTSYAQKFQGRVTMTRDTSISTAYMELSRLRSDDTAVYYCARGGWFDYWGQGTLVTVSS,-0.126539
QVQLVQSGAEVKKPGASVKVSCKVSGFPIKDTFQHWVRQAPGKGLEWMGWSDPEIGDTEYASKFQGRVTMTEDTSTDTAYMELSSLRSEDTAVYYCATGDTTYKFDFWGQGTTVTVSS,-0.212874
QVQLVQSGAEVKKPGASVKVSCKASGYTFTSYYMHWVRQAPGQGLEWMGEISPFGGRTNYNEKFKSRVTMTRDTSTSTVYMELSSLRSEDTAVYYCARERPLYASDLWGQGTTVTVSS,-0.146835
QIQLQQSGPEVVKPGASVKISCKASGYTFTDYYITWVKQKPGQGLEWIGWIYPGSGNTKYNEKFKGKATLTVDTSSSTAFMQLSSLTSEDTAVYFCANYGNYWFAYWGQGTQVTVSA,-0.186783
QVQLVESGGGVVQPGRSLRLSCAASGFTFSSYGMHWVRQAPGKGLEWVAFIRYDGSNKYYADSVKGRFTISRDNSKNTLYLQMNSLRAEDTAVYYCKTHGSHDNWGQGTMVTVSS,-0.147794
QVQLVQSGAEVKKPGASVKVSCKASGYTFTRYGISWVRQAPGQGLEWMGWISTYSGNTNYAQKLQGRVTMTTDTSTSTAYMELRSLRSDDTAVYYCARRQLYFDYWGQGTLVTVSS,-0.107627
QVQLVESGGGVVQPGRSLRLSCAASGFTFSVYGMNWVRQAPGKGLEWVAIIWYDGDNQYYADSVKGRFTISRDNSKNTLYLQMNGLRAEDTAVYYCARDLRTGPFDYWGQGTLVTVSS,-0.15355
QVQLVQSGAEVKKPGSSVKVSCKASGGTFSSYGISWVRQAPGQGLEWMGGIIPIFGTANYAQKFQGRVTITADESTSTAYMELSSLRSEDTAVYYCARYDGIYGELDFWGQGTLVTVSS,-0.213969
EVQLVESGGGLVQPGGSLRLSCAASGYVFTDYGMNWVRQAPGKGLEWMGWINTYIGEPIYADSVKGRFTFSLDTSKSTAYLQMNSLRAEDTAVYYCARGYRSYAMDYWGQGTLVTVSS,-0.163024
QVQLKQSGPGLVQPSQSLSITCTVSGFSLTNYGVHWVRQSPGKGLEWLGVIWSGGNTDYNTPFTSRLSINKDNSKSQVFFKMNSLQSNDTAIYYCARALTYYDYEFAYWGQGTLVTVSA,-0.20429
EVQLVQSGAEVKKPGSSVKVSCKASGGTFSSYAISWVRQAPGQGLEWMGGIIPIFGTANYAQKFQGRVTITADKSTSTAYMELSSLRSEDTAVYYCARAPLRFLEWSTQDHYYYYYMDVWGKGTTVTVSS,-0.236857
EVQLVESGGGLVQPGGSLRLSCAASGFSLSNYYVTWVRQAPGKGLEWVGIIYGSDETAYATSAIGRFTISRDNSKNTLYLQMNSLRAEDTAVYYCARDDSSDWDAKFNLWGQGTLVTVSS,-0.241946
QVQLVQSGAEVKKPGASVKVSCKASGYTFTDYEMHWVRQAPGQGLEWMGALDPKTGDTAYSQKFKGRVTLTADKSTSTAYMELSSLTSEDTAVYYCTRFYSYTYWGQGTLVTVSS,-0.136361
EVQLVESGGGLVQPGGSLRLSCAASGFTFSSYGMSWVRQAPGKGLELVASINSNGGSTYYPDSVKGRFTISRDNAKNSLYLQMNSLRAEDTAVYYCASGDYWGQGTTVTVSS,-0.167007
EVQLVESGGGLVQPGGSLRLSCAASGYSFTGYYIHWVRQAPGKGLEWVARVIPNAGGTSYNQKFKGRFTLSVDNSKNTAYLQMNSLRAEDTAVYYCAREGIYWWGQGTLVTVSS,-0.155783
QVQLVQSGAEVKKPGSSVKVSCKASGYTFTSYRMHWVRQAPGQGLEWIGYINPSTGYTEYNQKFKDKATITADESTNTAYMELSSLRSEDTAVYYCARGGGVFDYWGQGTLVTVSS,-0.099784
QVQLQESGPGLVKPSETLSLTCTVSGYSITGGYLWNWIRQPPGKGLEWIGYISYDGTNNYKPSLKDRVTISRDTSKNQFSLKLSSVTAADTAVYYCARYGRVFFDYWGQGTLVTVSS,-0.175574
EVQLLESGGGLVQPGGSLRLSCAVSGFTFNSFAMSWVRQAPGKGLEWVSAISGSGGGTYYADSVKGRFTISRDNSKNTLYLQMNSLRAEDTAVYFCAKDKILWFGEPVFDYWGQGTLVTVSS,-0.143009
EVQLLESGGGLVQPGGSLRLSCAASGFTFSSYAMSWVRQAPGKGLEWVSGITGSGGSTYYADSVKGRFTISRDNSKNTLYLQMNSLRAEDTAVYYCAKDPGTTVIMSWFDPWGQGTLVTVSS,-0.142906
EVQLLQSGPELEKPGASVMISCKASGSSFTGYNMNWVRQNIGKSLEWIGAIDPYYGGTSYNQKFKGRATLTVDKSSSTAYMHLKSLTSEDSAVYYCVSGMEYWGQGTSVTVSS,-0.252291
EVQLVQSGGGVERPGGSLRLSCAASGFTFDDYAMSWVRQAPGKGLEWVSGINWQGGSTGYADSVKGRVTISRDNAKNSLYLQMNSLRAEDTAVYYCAKILGAGRGWYFDYWGKGTTVTVSS,-0.207222
EVQLVESGGGLVQPGGSLRLSCAASGFTLSGDWIHWVRQAPGKGLEWVGEISAAGGYTDYADSVKGRFTISADTSKNTAYLQMNSLRAEDTAVYYCARESRVSFEAAMDYWGQGTLVTVSS,-0.143211
EVQLVESGGGLEQPGGSLRLSCAGSGFTFRDYAMTWVRQAPGKGLEWVSSISGSGGNTYYADSVKGRFTISRDNSKNTLYLQMNSLRAEDTAVYYCAKDRLSITIRPRYYGLDVWGQGTTVTVSS,-0.164517
QVQLVQSGAEVKKPGASVKVSCKASGYIFSNYWIQWVRQAPGQGLEWMGEILPGSGSTEYTENFKDRVTMTRDTSTSTVYMELSSLRSEDTAVYYCARYFFGSSPNWYFDVWGQGTLVTVSS,-0.1687
EVQLVESGGGLVQPGGSLRLSCAASGYSFTGHWMNWVRQAPGKGLEWVGMIHPSDSETRYNQKFKDRFTISVDKSKNTLYLQMNSLRAEDTAVYYCARGIYFYGTTYFDYWGQGTLVTVSS,-0.142898
QMQLVESGGGVVQPGRSLRLSCTASGFTFSNNGMHWVRQAPGKGLEWVAVIWFDGMNKFYVDSVKGRFTISRDNSKNTLYLEMNSLRAEDTAIYYCAREGDGSGIYYYYGMDVWGQGTTVTVSS,-0.253642
EVQLVESGGGLVQPGGSLRLSCAASGFDFSRYWMSWVRQAPGKGLEWIGEINPDSSTINYAPSLKDKFIISRDNAKNSLYLQMNSLRAEDTAVYYCARPDGNYWYFDVWGQGTLVTVSS,-0.163811
QVQLVQSGAEVKKPGASVKVSCKASGYTFTDYYMHWVRQAPGQGLEWMGRVNPNRRGTTYNQKFEGRVTMTTDTSTSTAYMELRSLRSDDTAVYYCARANWLDYWGQGTTVTVSS,-0.123515
QVQLVQSGAEVKKPGSSVKVSCKASGGTFSYYWIEWVRQAPGQGLEWMGEILPGSGTTNPNEKFKGRVTITADESTSTAYMELSSLRSEDTAVYYCARADYYGSDYVKFDYWGQGTLVTVSS,-0.261432
QVQLVQSGAEVKKPGSSVKVSCKASGYTFTSYWLHWVRQAPGQGLEWIGYINPRNDYTEYNQNFKDKATITADESTNTAYMELSSLRSEDTAFYFCARRDITTFYWGQGTTVTVSS,-0.191102
EVQLVESGGGLVQPGGSLRLSCAASGFFITNNYWGWVRQAPGKGLEWVGYISYSGSTSYNPSLKSRFTISRDTSKNTFYLQMNSLRAEDTAVYYCARTGSSGYFDFWGQGTLVTVSS,-0.178195
EVQLVQSGAEVKKPGASVKVSCKASGYTLTSYGISWVRQAPGQGLEWMGWVSFYNGNTNYAQKLQGRGTMTTDPSTSTAYMELRSLRSDDTAVYYCARGYGMDVWGQGTTVTVSS,-0.225849
EVQLVESGGGVVQPGRSLRLSCSASGFTFSGYGLSWVRQAPGKGLEWVAMISSGGSYTYYADSVKGRFAISRDNAKNTLFLQMDSLRPEDTGVYFCARHGDDPAWFAYWGQGTPVTVSS,-0.228299
QVQLVQSGAEVKKPGASVKVSCKVSGFTLTELSIHWVRQAPGKGLEWMGGFDPEDGETIYAQKFQGRVTMTEDTSTDTAYMELTSLRSEDTAVYYCSTIFGVVTNFDNWGQGTLVTVSS,-0.230858
QVQLVQSGAEVKKPGASVKVSCKASGYTFTNYYMHWVRQAPGQGLEWVGWINPYTGSAFYAQKFRGRVTMTRDTSISTAYMELSRLRSDDTAVYYCAREPEKFDSDDSDVWGRGTLVTVSS,-0.196337
QVQLVQPGAEVKKPGTSVKLSCKASGYTFTTYWMHWVRQAPGQGLEWIGEINPTNGHTNYNQKFQGRATLTVDKSTSTAYMELSSLRSEDTAVYYCARNYVGSIFDYWGQGTLLTVSS,-0.146629
EVQLLESGGGLVQPGGSLRLSCTASGFTFSSYAMNWVRQAPGKGLEWVSAISGSGGTTFYADSVKGRFTISRDNSRTTLYLQMNSLRAEDTAVYYCAKDLGWSDSYYYYYGMDVWGQGTTVTVSS,-0.16436
QVQLVQSGAEVKRPGASVKVSCKASGYTFTNDIIHWVRQAPGQRLEWMGWINAGYGNTQYSQNFQDRVSITRDTSASTAYMELISLRSEDTAVYYCAREPLWFGESSPHDYYGMDVWGQGTTVTVSS,-0.207535
QVQLVESGGGVVQPGRSLRLSCAASGFKFSGYGMHWVRQAPGKGLEWVAVIWYDGSKKYYVDSVKGRFTISRDNSKNTLYLQMNSLRAEDTAVYYCARQMGYWHFDLWGRGTLVTVSS,-0.224287
QVQLVQSGAEVKKPGSSVKVSCKASGYTFSSNVISWVRQAPGQGLEWMGGVIPIVDIANYAQRFKGRVTITADESTSTTYMELSSLRSEDTAVYYCASTLGLVLDAMDYWGQGTLVTVSS,-0.222832
EVQLVESGGGLVQPGGSLRLSCAASGFTLRSYSMNWVRQAPGKGLEWVSYISRSSHTIFYADSVKGRFTISRDNAKNSLYLQMDSLRDEDTAMYYCARVYSSGWHVSDYFDYWGQGILVTVSS,-0.229967
QVQLQESGPGLVKPSETLSLTCAVSGGSISGGYGWGWIRQPPGKGLEWIGSFYSSSGNTYYNPSLKSQVTISTDTSKNQFSLKLNSMTAADTAVYYCVRDRLFSVVGMVYNNWFDVWGPGVLVTVSS,-0.223381
QVQLQESGPGLVKPSGTLSLTCAVSGGSISSSNWWSWVRQPPGKGLEWIGEIYHSGSTNYNPSLKSRVTISVDKSKNQFSLKLSSVTAADTAVYYCARWTGRTDAFDIWGQGTMVTVSS,-0.176558
QVELVESGGGLVQPGGSLRLSCAASGFTFSSYAMSWVRQAPGKGLEWVSAINASGTRTYYADSVKGRFTISRDNSKNTLYLQMNSLRAEDTAVYYCARGKGNTHKPYGYVRYFDVWGQGTLVTVSS,-0.165927
EVQLVQSGAEVKKPGSSVKVSCKASGYTITDSNIHWVRQAPGQSLEWIGYIYPYNGGTDYNQKFKNRATLTVDNPTNTAYMELSSLRSEDTAFYYCVNGNPWLAYWGQGTLVTVSS,-0.219238
QVQLQESGPGLVKPSQTLSLTCSFSGFSLSTSGMGVGWIRQPSGKGLEWLAHIWWDGDESYNPSLKSRLTISKDTSKNQVSLKITSVTAADTAVYFCARNRYDPPWFVDWGQGTLVTVSS,-0.211644
DVKLVESGGGLVKLGGSLKLSCAASGFTFSNYYMSWVRQTPEKRLELVAAINSDGGITYYLDTVKGRFTISRDNAKNTLYLQMSSLKSEDTALFYCARHRSGYFSMDYWGQGTSVTVSS,-0.263414
QVQLQESGPGLVKPSQTLSLTCTVSGGSISSFNYYWSWIRHHPGKGLEWIGYIYYSGSTYSNPSLKSRVTISVDTSKNQFSLTLSSVTAADTAVYYCARGYNWNYFDYWGQGTLVTVSS,-0.233242
QVQLVESGGGVVQPGRSLRLSCAASGFIFSSYAMHWVRQAPGNGLEWVAFMSYDGSNKKYADSVKGRFTISRDNSKNTLYLQMNSLRAEDTAVYYCARDRGIAAGGNYYYYGMDVWGQGTTVTVSS,-0.177978
EVQLVQSGAEVKKPGESLKISCKGSGYSFSNYWIGWVRQMPGKGLEWMGIIDPSNSYTRYSPSFQGQVTISADKSISTAYLQWSSLKASDTAMYYCARWYYKPFDVWGQGTLVTVSS,-0.251929
QVQLQQSGPEVVKPGASVKMSCKASGYTFTSYVIHWVRQKPGQGLDWIGYINPYNDGTDYDEKFKGKATLTSDTSTSTAYMELSSLRSEDTAVYYCAREKDNYATGAWFAYWGQGTLVTVSS,-0.156136
QVQLVQSGAEVKKPGSSVKVSCKASGFTFTDYKIHWVRQAPGQGLEWMGYFNPNSGYSTYAQKFQGRVTITADKSTSTAYMELSSLRSEDTAVYYCARLSPGGYYVMDAWGQGTTVTVSS,-0.191926
EVKLEESGGGLVQPGGSMKLSCVASGFIFSNHWMNWVRQSPEKGLEWVAEIRSKSINSATHYAESVKGRFTISRDDSKSAVYLQMTDLRTEDTGVYYCSRNYYGSTYDYWGQGTTLTVSS,-0.185115
EVQLVQSGAEVKKPGASVKVSCKASGYRFTNYWIHWVRQAPGQGLEWIGGINPGNNYATYRRKFQGRVTMTADTSTSTVYMELSSLRSEDTAVYYCTREGYGNYGAWFAYWGQGTLVTVSS,-0.198166
QVQLVESGGGVVQPGRSLRLSCAASGFTFSSYTMHWVRQAPGKGLEWVTFISYDGNNKYYADSVKGRFTISRDNSKNTLYLQMNSLRAEDTAIYYCARTGWLGPFDYWGQGTLVTVSS,-0.125548
QVQLVQSGAEVKKPGSSVKVSCKASGYSFTDYHIHWVRQAPGQGLEWMGVINPMYGTTDYNQRFKGRVTITADESTSTAYMELSSLRSEDTAVYYCARYDYFTGTGVYWGQGTLVTVSS,-0.176045
EVQLVQSGPELKKPGASVKVSCKASGYTFTNYGMNWVRQAPGQGLEWMGWINTYTGETTYADDFKGRFVFSLDTSVSTAYLQISSLKAEDTAVYYCEREGGVNNWGQGTLVTVSS,-0.266439
QVTLRESGPALVKPTQTLTLTCTVSGFSLSAYSVNWIRQPPGKALEWLAMIWGDGKIVYNSALKSRLTISKDTSKNQVVLTMTNMDPVDTATYYCAGDGYYPYAMDNWGQGSLVTVSS,-0.227133
QVQLVQSGAEVKKPGASVKVSCKASGYSFTNYYIHWVRQAPGQRLEWMGWINAGNGNTKYSQKFQGRVTITRDTSASTAYMELSSLRSEDTAVYYCVRRQRFPYYFDYWGQGTLVTVSS,-0.120902
QVQLVQSGAEVKKPGSSVKVSCKASGYTFTDYNMHWVRQAPGQGLEWIGYIYPYNGGTGYNQKFKSKATITADESTNTAYMELSSLRSEDTAVYYCARGRPAMDYWGQGTLVTVSS,-0.112728
QVQLVQSGAEVKKPGSSVKVSCKASGGTFSFYAISWVRQAPGQGLEWMGGFIPIFGAANYAQKFQGRVTITADESTSTAYMELSSLRSDDTAVYYCARIPSGSYYYDYDMDVWGQGTTVTVSS,-0.268214
EVQLVESGGGLAKPGGSLRLSCAASGFRFTFNNYYMDWVRQAPGQGLEWVSRISSSGDPTWYADSVKGRFTISRENANNTLFLQMNSLRAEDTAVYYCASLTTGSDSWGQGVLVTVSS,-0.211414
QVQLVQSGAEVKKPGASVKVSCKASGYTFTSHWMHWVRQAPGQGLEWIGEFNPSNGRTNYNEKFKSKATMTVDTSTNTAYMELSSLRSEDTAVYYCASRDYDYDGRYFDYWGQGTLVTVSS,-0.147285
QVQLVQSGAEVKKPGASVKVSCKVSGYTLTELSIHWVRQAPGKGLEWMGGFDPEENEIVYAQRFQGRVTMTEDTSTDTAYMELSSLRSEDTAVYYCAIVGSFSPLTLGLWGQGTMVTVSS,-0.20742
QVTLRESGPALVKPTQTLTLTCTVSGFSLTSYSVHWVRQPPGKGLEWLGVIWASGGTDYNSALMSRLSISKDTSRNQVVLTMTNMDPVDTATYYCARDPPSSLLRLDYWGRGTPVTVSS,-0.250148
EVQLVESGGDLVQPGRSLRLSCAASGFIFSNYGMSWVRQAPGKGLEWVATISSASTYSYYPDSVKGRFTISRDNAKNSLYLQMNSLRVEDTALYYCGRHSDGNFAFGYWGQGTLVTVSS,-0.193295
QVTLRESGPALVKPTQTLTLTCTFSGFSLSTAGMSVGWIRQPPGKALEWLADIWWDDKKHYNPSLKDRLTISKDTSKNQVVLKVTNMDPADTATYYCARDMIFNFYFDVWGQGTTVTVSS,-0.226524
QVQLQQSGAELARPGASVKMSCKASGYTFTRYTMHWVKQRPGQGLEWIGYINPSRGYTNYNQKFKDKATLTTDKSSSTAYMQLSSLTSEDSAVYYCARYYDDHYCLDYWGQGTTLTVSS,-0.136828
QVQLVQSGAEVKKPGASVKVSCKASGFNIKDTYIHWVRQAPGQRLEWMGRIDPANGYTKYDPKFQGRVTITADTSASTAYMELSSLRSEDTAVYYCAREGYYGNYGVYAMDYWGQGTLVTVSS,-0.181395
QVQLQESGPGLVKPSQTLSLTCTVSGGSISSGDYYWSWIRQPPGKGLEWIGYIYYSGSTDYNPSLKSRVTMSVDTSKNQFSLKVNSVTAADTAVYYCARVSIFGVGTFDYWGQGTLVTVSS,-0.167404
QVQLQQSGAEVKKPGSSVKVSCKASGYTFTNYYIYWVRQAPGQGLEWIGGINPTSGGSNFNEKFKTRVTITADESSTTAYMELSSLRSEDTAFYFCTRQGLWFDSDGRGFDFWGQGTTVTVSS,-0.253964
QVQLVESGGGVVQPGRSLRLDCKASGITFSNSGMHWVRQAPGKGLEWVAVIWYDGSKRYYADSVKGRFTISRDNSKNTLFLQMNSLRAEDTAVYYCATNDDYWGQGTLVTVSS,-0.201778
QVQLVQSGAEVKKPGSSVKVSCKASGYAFSYSWINWVRQAPGQGLEWMGRIFPGDGDTDYNGKFKGRVTITADKSTSTAYMELSSLRSEDTAVYYCARNVFDGYWLVYWGQGTLVTVSS,-0.153158
EVQLVESGGGLVQPGGSLRLSCAASGYTFTSYNMHWVRQAPGKGLEWVGAIYPGNGDTSYNQKFKGRFTISVDKSKNTLYLQMNSLRAEDTAVYYCARVVYYSNSYWYFDVWGQGTLVTVSS,-0.133195
EVQLVESGGGLVQPGRSLRLSCAASGFTFNDYAMHWVRQAPGKGLEWVSTISWNSGSIGYADSVKGRFTISRDNAKKSLYLQMNSLRAEDTALYYCAKDIQYGNYYYGMDVWGQGTTVTVSS,-0.18575
QLQLQESGPGLVKPSETLSLTCTVSGGSINSSSYYWGWLRQSPGKGLEWIGSFFYTGSTYYNPSLRSRLTISVDTSKNQFSLMLSSVTAADTAVYYCARQSTYYYGSGNYYGWFDRWDQGTLVTVSS,-0.275068
EVQLVESGGGLVQPGGSLRLSCAASGFNFNDYFMNWVRQAPGKGLEWVAQMRNKNYQYGTYYAESLEGRFTISRDDSKNSLYLQMNSLKTEDTAVYYCARESYYGFTSYWGQGTLVTVSS,-0.150444
EVQLVESGGGLVQPGGSLRLSCAVSGYSITSGYSWNWIRQAPGKGLEWVASITYDGSTNYNPSLKGRITISRDDSKNTFYLQMNSLRAEDTAVYYCARGSHYFGHWHFAVWGQGTLVTVSS,-0.151183
EVQLVESGGGLVQPGGSLRLSCAASGYTFTSYWLHWVRQAPGKGLEWVGMIDPSNSDTRFNPNFKDRFTISADTSKNTAYLQMNSLRAEDTAVYYCATYRSYVTPLDYWGQGTLVTVSS,-0.188325
EVQLLESGGGLVQPGGSLRLSCAASGFTFSSFPMAWVRQAPGKGLEWVSTISTSGGRTYYRDSVKGRFTISRDNSKNTLYLQMNSLRAEDTAVYYCAKFRQYSGGFDYWGQGTLVTVSS,-0.151292
EVQLVQSGAEVKKPGESLKISCKGSGYSFTGYNMNWVRQMPGKGLEWMGNIDPYYGGTTYNRKFKGQVTISADKSISTAYLQWSSLKASDTAMYYCARSVGPFDSWGQGTLVTVSS,-0.281342
QVQLVQSGAEVKKPGASVKVSCKASGYTFTSYWMHWVRQAPGQGLEWIGNINPSNGGTNYNEKFKSKATMTRDTSTSTAYMELSSLRSEDTAVYYCELMQGYWGQGTLVTVSS,-0.13469
QVTLRESGPALVKPTQTLTLTCTFSGFSLSTSGMSVGWIRQPPGKALEWLADIWWDDKKDYNPSLKSRLTISKDTSKNQVVLKVTNMDPADTATYYCARSMITNWYFDVWGAGTTVTVSS,-0.241915
QVQLQESGPGLVKPSETLSLTCTVSGGSVSSGDYYWTWIRQSPGKGLEWIGHIYYSGNTNYNPSLKSRLTISIDTSKTQFSLKLSSVTAADTAIYYCVRDRVTGAFDIWGQGTMVTVSS,-0.234031
EEQVVESGGGFVQPGGSLRLSCAASGFTFSPYWMHWVRQAPGKGLVWVSRINSDGSTYYADSVKGRFTISRDNARNTLYLQMNSLRAEDTAVYYCARDRYYGPEMWGQGTMVTVSS,-0.209961
EVQLVESGGGLVQPGGSLRLSCAASGYTFIDYYMNWVRQAPGKGLEWVGDINLDNSGTHYNQKFKGRFTISRDKSKNTAYLQMNSLRAEDTAVYYCAREGVYHDYDDYAMDYWGQGTLVTVSS,-0.163632
QVQLQQWGAGLLKPSETLSLTCAVYGGSFSGYYWSWIRQPPGKGLEWIGEINHSGSTNYNPSLKSRVTISVETSKNQFSLKLSSVTAADTAVYYCARDKWTWYFDLWGRGTLVTVSS,-0.348535
QVQLVQSGVEVKKPGASVKVSCKASGYTFTNYYMYWVRQAPGQGLEWMGGINPSNGGTNFNEKFKNRVTLTTDSSTTTAYMELKSLQFDDTAVYYCARRDYRFDMGFDYWGQGTTVTVSS,-0.226233
EVQLVESGGGLVQPGGSLRLSCAASGFTFTDYTMDWVRQAPGKGLEWVADVNPNSGGSIYNQRFKGRFTLSVDRSKNTLYLQMNSLRAEDTAVYYCARNLGPSFYFDYWGQGTLVTVSS,-0.1623
EVQLVESGGGLVQPGGSLRLSCAASGYEFSRSWMNWVRQAPGKGLEWVGRIYPGDGDTNYSGKFKGRFTISADTSKNTAYLQMNSLRAEDTAVYYCARDGSSWDWYFDVWGQGTLVTVSS,-0.183709
EVQLVESGGGLVQPGGSLRLSCAASGYTFSSYWIEWVRQAPGKGLEWIGEILPGGGDTNYNEIFKGRATFSADTSKNTAYLQMNSLRAEDTAVYYCTRRVPIRLDYWGQGTLVTVSS,-0.206506
QVQLVQSGAEVKKPGASVKVSCKASGYYTEAYYIHWVRQAPGQGLEWMGRIDPATGNTKYAPRLQDRVTMTRDTSTSTVYMELSSLRSEDTAVYYCASLYSLPVYWGQGTTVTVSS,-0.220001
EVQLLESGGGLVQPGGSLRLSCAASGFTFSSFSMSWVRQAPGKGLEWVSSISGSSGTTYYADSVKGRFTISRDNSKNTLYLQMNSLRAEDTAVYYCAKPFPYFDYWGQGTLVTVSS,-0.107842
EVQLVQSGGGLVKPGGSLRLSCAASGFTFSSYSMNWVRQAPGKGLEWVSSISSSSSYIYYADSVKGRFTISRDNAKNSLYLQMNSLRAEDTAVYYCARVTDAFDIWGQGTMVTVSS,-0.138169
EVQLVESGGGLVQPGGSLRLSCAASGYDFTHYGMNWVRQAPGKGLEWVGWINTYTGEPTYAADFKRRFTFSLDTSKSTAYLQMNSLRAEDTAVYYCAKYPYYYGTSHWYFDVWGQGTLVTVSS,-0.180602
EVQLVESGGGLVQPGGSLRLSCAVSGLSLTSNSVNWIRQAPGKGLEWVGLIWSNGDTDYNSAIKSRFTISRDTSKSTVYLQMNSLRAEDTAVYYCAREYYGYFDYWGQGTLVTVSS,-0.119509
QVQLQESGPGLVKPSETLSLTCTVSGGSISIYYWSWIRQPPGKGLEWIGYVYYSGSTNYNPSLKSRVTISVDTSKNQFSLKLNSVTAADTAVYYCARGGYDFWSGYFDYWGQGTLVTVSS,-0.21731
QVQLQQPGAELVKPGASVKMSCKASGYTFTSYNMHWVKQTPGRGLEWIGAIYPGNGDTSYNQKFKGKATLTADKSSSTAYMQLSSLTSEDSAVYYCARSTYYGGDWYFNVWGAGTTVTVSA,-0.190105
EVQLVQSGGGLVKPGGSLRLSCAASGFTFSSFAMHWVRQAPGKGLEWISVIDTRGATYYADSVKGRFTISRDNAKNSLYLQMNSLRAEDTAVYYCARLGNFYYGMDVWGQGTTVTVSS,-0.185442
EVQLVQSGAEVKKPGASVKVSCKASGYTFTDYNMHWVRQAPGQGLEWMGEINPNSGGAGYNQKFKGRVTMTTDTSTSTAYMELRSLRSDDTAVYYCARLGYDDIYDDWYFDVWGQGTTVTVSS,-0.173334
EVQLVESGGGLVQPGRSLRLSCAASRFTFDDYAMHWVRQAPGKGLEWVSGISWNSGRIGYADSVKGRFTISRDNAENSLFLQMNGLRAEDTALYYCAKGRDSFDIWGQGTMVTVSS,-0.243632
EVQLVESGGGLVQPGGSLRLSCAASGFTFSNYWMNWVRQAPGKGLEWVAAINQDGSEKYYVGSVKGRFTISRDNAKNSLYLQMNSLRVEDTAVYYCVRDYYDILTDYYIHYWYFDLWGRGTLVTVSS,-0.205478
EVQLLESGGGLVQPGGSLRLSCAASGFTFSHYVMAWVRQAPGKGLEWVSSISSSGGWTLYADSVKGRFTISRDNSKNTLYLQMNSLRAEDTAVYYCTRGLKMATIFDYWGQGTLVTVSS,-0.152921
QVQLVQSGAEVKKPGASVKVSCKASGYTFTSYSISWVRQAPGQGLEWMGWISVYNGNTNYAQKFQGRVTMTTDTSTSTAYLELRSLRSDDTAVYYCARDPIAAGYWGQGTLVTVSS,-0.139506
EVQLVESGGKLLKPGGSLKLSCAASGFTFSSFAMSWFRQSPEKRLEWVAEISSGGSYTYYPDTVTGRFTISRDNAKNTLYLEMSSLRSEDTAMYYCARGLWGYYALDYWGQGTSVTVSS,-0.242837
QVQLVQSGAEVKKPGASVKVSCKASGYAFTYYLIEWVRQAPGQGLEWIGVINPGSGGTNYNEKFKGRATITADKSTSTAYMELSSLRSEDTAVYFCARNWMNFDYWGQGTTVTVSS,-0.132604
EVQLVESGGGLVQPGGSLRLSCAASGFTFSPFAMSWVRQAPGKGLEWVAKISPGGSWTYYSDTVTGRFTISRDNAKNSLYLQMNSLRAEDTAVYYCARQLWGYYALDIWGQGTTVTVSS,-0.280947
QVQLQQWGAGLLKPSETLSLTCAVYGGSFSGYYWSWIRQPPGKGLEWIGEINHSGSTNYNPSLKSRVTISVDTSKNQFSLKLSSVTAADTAVYYCARGYYDILTGYYYYFDYWGQGTLVTVSS,-0.321159
QVQLQESGPGLVKPSETLSLTCTVSGFSLIGYDLNWIRQPPGKGLEWIGIIWGDGTTDYNSAVKSRVTISKDTSKNQFSLKLSSVTAADTAVYYCARGGYWYATSYYFDYWGQGTLVTVSS,-0.199632
QVQLVQSGGGVVQPGRSLRLSCKASGYTFTRYTMHWVRQAPGKGLEWIGYINPSRGYTNYNQKVKDRFTISRDNSKNTAFLQMDSLRPEDTGVYFCARYYDDHYCLDYWGQGTPVTVSS,-0.19578
EVQLVESGGGLVQPGGSLRLSCAASGFTFSSYVMSWVRQAPGKGLEWVATISSGGSYTYYPDSVKGRFTISRDNAKNTLYLQMNSLRAEDTAVYYCARRGDSMITTDYWGQGTLVTVSS,-0.131835
QVQLVQSGAEVKKPGASVKVSCKASGYIFITYWMTWVRQAPGQGLEWMGQIFPASGSADYNEKFEGRVTMTTDTSTSTAYMELRSLRSDDTAVYYCARGGGGFAYWGQGTLVTVSS,-0.184887
QVQLQESGPGLVRPSQTLSLTCTVSGYSITSDHAWSWVRQPPGRGLEWIGYISYSGITTYNPSLKSRVTMLRDTSKNQFSLRLSSVTAADTAVYYCARSLARTTAMDYWGQGSLVTVSS,-0.219046
QVQLVESGGGLVKPGGSLRLSCAASGFTFSDYYMNWIRQAPGKGLEWVSYISSSGSIIYYADSVKGRFTISRDNAKNSLYLQMNSLRAEDTAVYYCAREGRIAARGMDVWGQGTTVTVSS,-0.150189
QVQLVQSGAEVKKPGASVKVSCKASGYTFTNYGLSWVRQAPGQGLEWMGWISANNGDTNYGQEFQGRVTMTTDTSTSTAYMELRSLRSDDTAVYYCARDSSSSWARWFFDLWGRGTLVTVSS,-0.195119
EVQLVESGGGLVQPGGSLRLSCAASGFNIKDTYIHWVRQAPGKGLEWVARIYPTNGYTRYADSVKGRFTISADTSKNTAYLQMNSLRAEDTAVYYCSRWGGDGFYAMDYWGQGTLVTVSS,-0.162326
QVQLVESGGGVVQPGRSLRLSCAASGFTFSSYGMHWVRQAPGKGLEWVAVIWYDGSNKYYADSVKGRFTISRDNSKNTLYLQMNSLRAEDTAVYYCARDPRGATLYYYYYGMDVWGQGTTVTVSS,-0.143504
QVQLQQWGAGLLKPSETLSLTCAVYGGSFSGYYWSWIRQSPEKGLEWIGEINHGGYVTYNPSLESRVTISVDTSKNQFSLKLSSVTAADTAVYYCARDYGPGNYDWYFDLWGRGTLVTVSS,-0.356515
EVQLVQSGAEVKKPGESLKISCKGSGYSFTTYWLGWVRQMPGKGLDWIGIMSPVDSDIRYSPSFQGQVTMSVDKSITTAYLQWNSLKASDTAMYYCARRRPGQGYFDFWGQGTLVTVSS,-0.261056
QVQLVQSGAEVKKPGASVKVSCKGSGYTFTSYWMHWVRQAPGQRLEWIGEIDPSESNTNYNQKFKGRVTLTVDISASTAYMELSSLRSEDTAVYYCARGGYDGWDYAIDYWGQGTLVTVSS,-0.160619
QVQLQQSGAEVKKPGSSVKVSCKASGYTFTSYNMHWVKQAPGQGLEWIGAIYPGMGDTSYNQKFKGKATLTADESTNTAYMELSSLRSEDTAFYYCARSTYYGGDWYFDVWGQGTTVTVSS,-0.203104
QVQLVQSGAEVKKPGASVKVSCKASGYTFISYTMHWVRQAPGQGLEWMGYINPRSGYTHYNQKLKDKATLTADKSASTAYMELSSLRSEDTAVYYCARSAYYDYDGFAYWGQGTLVTVSS,-0.149564
QVQLVESGGGVVQPGRSLRLSCAASGFTFSTYGMHWVRQAPGKGLEWVAVIWDDGSYKYYGDSVKGRFTISRDNSKNTLYLQMNSLRAEDTAVYYCARDGITMVRGVMKDYFDYWGQGTLVTVSS,-0.151045
QVQLQQWGAGLLKPSETLSLTCAVYGGSFSGYYWSWIRQPPGKGLEWIGEINHSGSTNYNPSLKSRVTISVDTSKNQFSLKLSSVTAADTAVYYCARVINWFDPWGQGTLVTVSS,-0.368613
EVQLVESGGGLVQPGGSLRLSCAASGFNLDSSYIHWVRQAPGKGLEWVASISSDSSYTYYADSVKGRFTISADTSKNTAYLQMNSLRAEDTAVYYCARYWYYSAWALDYWGQGTLVTVSS,-0.147214
EVQLVESGGGLVQPGGSLRLSCAASGFNLDSSYIHWVRQAPGKGLEWVASISSGSSYTYYADSVKGRFTISADTSKNTAYLQMNSLRAEDTAVYYCARYWYYSAWALDYWGQGTLVTVSS,-0.144944
EVQLVESGGGLVQPGGSLRLSCAASGFNLDSSYIHWVRQAPGKGLEWVASISSHSSYTYYADSVKGRFTISADTSKNTAYLQMNSLRAEDTAVYYCARYWYYSAWALDYWGQGTLVTVSS,-0.151234
EVQLVESGGGLVQPGGSLRLSCAASGFNLDSSYIHWVRQAPGKGLEWVASISSQSSYTYYADSVKGRFTISADTSKNTAYLQMNSLRAEDTAVYYCARYWYYSAWALDYWGQGTLVTVSS,-0.158913
EVQLVESGGGLVQPGGSLRLSCAASGFNLDSSYIHWVRQAPGKGLEWVASISSSSSYTYYADSVKGRFTISADTSKNTAYLQMNSLRAEDTAVYYCARYWYYSAWALDYWGQGTLVTVSS,-0.141984
EVQLVESGGGLVQPGGSLRLSCAASGFNLDSSYIHWVRQAPGKGLEWVASISSYSSYTYYADSVKGRFTISADTSKNTAYLQMNSLRAEDTAVYYCARYWYYSAWALDYWGQGTLVTVSS,-0.142708
EVQLVESGGGLVQPGGSLRLSCAASGFNLGSSYIHWVRQAPGKGLEWVASISSDSSYTYYADSVKGRFTISADTSKNTAYLQMNSLRAEDTAVYYCARYWYYSAWALDYWGQGTLVTVSS,-0.140533
EVQLVESGGGLVQPGGSLRLSCAASGFNLGSSYIHWVRQAPGKGLEWVASISSGSSYTYYADSVKGRFTISADTSKNTAYLQMNSLRAEDTAVYYCARYWYYSAWALDYWGQGTLVTVSS,-0.135483
EVQLVESGGGLVQPGGSLRLSCAASGFNLGSSYIHWVRQAPGKGLEWVASISSHSSYTYYADSVKGRFTISADTSKNTAYLQMNSLRAEDTAVYYCARYWYYSAWALDYWGQGTLVTVSS,-0.14522
EVQLVESGGGLVQPGGSLRLSCAASGFNLGSSYIHWVRQAPGKGLEWVASISSQSSYTYYADSVKGRFTISADTSKNTAYLQMNSLRAEDTAVYYCARYWYYSAWALDYWGQGTLVTVSS,-0.151746
EVQLVESGGGLVQPGGSLRLSCAASGFNLGSSYIHWVRQAPGKGLEWVASISSSSSYTYYADSVKGRFTISADTSKNTAYLQMNSLRAEDTAVYYCARYWYYSAWALDYWGQGTLVTVSS,-0.133327
EVQLVESGGGLVQPGGSLRLSCAASGFNLGSSYIHWVRQAPGKGLEWVASISSYSSYTYYADSVKGRFTISADTSKNTAYLQMNSLRAEDTAVYYCARYWYYSAWALDYWGQGTLVTVSS,-0.134737
EVQLVESGGGLVQPGGSLRLSCAASGFNLHSSYIHWVRQAPGKGLEWVASISSDSSYTYYADSVKGRFTISADTSKNTAYLQMNSLRAEDTAVYYCARYWYYSAWALDYWGQGTLVTVSS,-0.157116
EVQLVESGGGLVQPGGSLRLSCAASGFNLHSSYIHWVRQAPGKGLEWVASISSGSSYTYYADSVKGRFTISADTSKNTAYLQMNSLRAEDTAVYYCARYWYYSAWALDYWGQGTLVTVSS,-0.154903
EVQLVESGGGLVQPGGSLRLSCAASGFNLHSSYIHWVRQAPGKGLEWVASISSHSSYTYYADSVKGRFTISADTSKNTAYLQMNSLRAEDTAVYYCARYWYYSAWALDYWGQGTLVTVSS,-0.15863
EVQLVESGGGLVQPGGSLRLSCAASGFNLHSSYIHWVRQAPGKGLEWVASISSQSSYTYYADSVKGRFTISADTSKNTAYLQMNSLRAEDTAVYYCARYWYYSAWALDYWGQGTLVTVSS,-0.168143
EVQLVESGGGLVQPGGSLRLSCAASGFNLHSSYIHWVRQAPGKGLEWVASISSYSSYTYYADSVKGRFTISADTSKNTAYLQMNSLRAEDTAVYYCARYWYYSAWALDYWGQGTLVTVSS,-0.153202
EVQLVESGGGLVQPGGSLRLSCAASGFNLQSSYIHWVRQAPGKGLEWVASISSDSSYTYYADSVKGRFTISADTSKNTAYLQMNSLRAEDTAVYYCARYWYYSAWALDYWGQGTLVTVSS,-0.143785
EVQLVESGGGLVQPGGSLRLSCAASGFNLQSSYIHWVRQAPGKGLEWVASISSGSSYTYYADSVKGRFTISADTSKNTAYLQMNSLRAEDTAVYYCARYWYYSAWALDYWGQGTLVTVSS,-0.140437
EVQLVESGGGLVQPGGSLRLSCAASGFNLQSSYIHWVRQAPGKGLEWVASISSHSSYTYYADSVKGRFTISADTSKNTAYLQMNSLRAEDTAVYYCARYWYYSAWALDYWGQGTLVTVSS,-0.147975
EVQLVESGGGLVQPGGSLRLSCAASGFNLQSSYIHWVRQAPGKGLEWVASISSQSSYTYYADSVKGRFTISADTSKNTAYLQMNSLRAEDTAVYYCARYWYYSAWALDYWGQGTLVTVSS,-0.153432
EVQLVESGGGLVQPGGSLRLSCAASGFNLQSSYIHWVRQAPGKGLEWVASISSSSSYTYYADSVKGRFTISADTSKNTAYLQMNSLRAEDTAVYYCARYWYYSAWALDYWGQGTLVTVSS,-0.137314
EVQLVESGGGLVQPGGSLRLSCAASGFNLQSSYIHWVRQAPGKGLEWVASISSYSSYTYYADSVKGRFTISADTSKNTAYLQMNSLRAEDTAVYYCARYWYYSAWALDYWGQGTLVTVSS,-0.138797
EVQLVESGGGLVQPGGSLRLSCAASGFNLTSSYIHWVRQAPGKGLEWVASISSDSSYTYYADSVKGRFTISADTSKNTAYLQMNSLRAEDTAVYYCARYWYYSAWALDYWGQGTLVTVSS,-0.165114
EVQLVESGGGLVQPGGSLRLSCAASGFNLTSSYIHWVRQAPGKGLEWVASISSGSSYTYYADSVKGRFTISADTSKNTAYLQMNSLRAEDTAVYYCARYWYYSAWALDYWGQGTLVTVSS,-0.165126
EVQLVESGGGLVQPGGSLRLSCAASGFNLTSSYIHWVRQAPGKGLEWVASISSHSSYTYYADSVKGRFTISADTSKNTAYLQMNSLRAEDTAVYYCARYWYYSAWALDYWGQGTLVTVSS,-0.171595
EVQLVESGGGLVQPGGSLRLSCAASGFNLTSSYIHWVRQAPGKGLEWVASISSQSSYTYYADSVKGRFTISADTSKNTAYLQMNSLRAEDTAVYYCARYWYYSAWALDYWGQGTLVTVSS,-0.178363
EVQLVESGGGLVQPGGSLRLSCAASGFNLTSSYIHWVRQAPGKGLEWVASISSSSSYTYYADSVKGRFTISADTSKNTAYLQMNSLRAEDTAVYYCARYWYYSAWALDYWGQGTLVTVSS,-0.160401
EVQLVESGGGLVQPGGSLRLSCAASGFNLTSSYIHWVRQAPGKGLEWVASISSYSSYTYYADSVKGRFTISADTSKNTAYLQMNSLRAEDTAVYYCARYWYYSAWALDYWGQGTLVTVSS,-0.163641
EVQLVESGGGLVQPGGSLRLSCAASGFNLYSSYIHWVRQAPGKGLEWVASISSDSSYTYYADSVKGRFTISADTSKNTAYLQMNSLRAEDTAVYYCARYWYDSAWALDYWGQGTLVTVSS,-0.13482
EVQLVESGGGLVQPGGSLRLSCAASGFNLYSSYIHWVRQAPGKGLEWVASISSDSSYTYYADSVKGRFTISADTSKNTAYLQMNSLRAEDTAVYYCARYWYESAWALDYWGQGTLVTVSS,-0.138743
EVQLVESGGGLVQPGGSLRLSCAASGFNLYSSYIHWVRQAPGKGLEWVASISSDSSYTYYADSVKGRFTISADTSKNTAYLQMNSLRAEDTAVYYCARYWYGSAWALDYWGQGTLVTVSS,-0.130106
EVQLVESGGGLVQPGGSLRLSCAASGFNLYSSYIHWVRQAPGKGLEWVASISSDSSYTYYADSVKGRFTISADTSKNTAYLQMNSLRAEDTAVYYCARYWYHSAWALDYWGQGTLVTVSS,-0.142405
EVQLVESGGGLVQPGGSLRLSCAASGFNLYSSYIHWVRQAPGKGLEWVASISSDSSYTYYADSVKGRFTISADTSKNTAYLQMNSLRAEDTAVYYCARYWYQSAWALDYWGQGTLVTVSS,-0.141982
EVQLVESGGGLVQPGGSLRLSCAASGFNLYSSYIHWVRQAPGKGLEWVASISSDSSYTYYADSVKGRFTISADTSKNTAYLQMNSLRAEDTAVYYCARYWYSSAWALDYWGQGTLVTVSS,-0.140086
EVQLVESGGGLVQPGGSLRLSCAASGFNLYSSYIHWVRQAPGKGLEWVASISSDSSYTYYADSVKGRFTISADTSKNTAYLQMNSLRAEDTAVYYCARYWYYSAWALDYWGQGTLVTVSS,-0.13928
EVQLVESGGGLVQPGGSLRLSCAASGFNLYSSYIHWVRQAPGKGLEWVASISSGSSYTYYADSVKGRFTISADTSKNTAYLQMNSLRAEDTAVYYCARYWYDSAWALDYWGQGTLVTVSS,-0.129555
EVQLVESGGGLVQPGGSLRLSCAASGFNLYSSYIHWVRQAPGKGLEWVASISSGSSYTYYADSVKGRFTISADTSKNTAYLQMNSLRAEDTAVYYCARYWYESAWALDYWGQGTLVTVSS,-0.133897
EVQLVESGGGLVQPGGSLRLSCAASGFNLYSSYIHWVRQAPGKGLEWVASISSGSSYTYYADSVKGRFTISADTSKNTAYLQMNSLRAEDTAVYYCARYWYGSAWALDYWGQGTLVTVSS,-0.123993
EVQLVESGGGLVQPGGSLRLSCAASGFNLYSSYIHWVRQAPGKGLEWVASISSGSSYTYYADSVKGRFTISADTSKNTAYLQMNSLRAEDTAVYYCARYWYHSAWALDYWGQGTLVTVSS,-0.137655
EVQLVESGGGLVQPGGSLRLSCAASGFNLYSSYIHWVRQAPGKGLEWVASISSGSSYTYYADSVKGRFTISADTSKNTAYLQMNSLRAEDTAVYYCARYWYQSAWALDYWGQGTLVTVSS,-0.137373
EVQLVESGGGLVQPGGSLRLSCAASGFNLYSSYIHWVRQAPGKGLEWVASISSGSSYTYYADSVKGRFTISADTSKNTAYLQMNSLRAEDTAVYYCARYWYSSAWALDYWGQGTLVTVSS,-0.135138
EVQLVESGGGLVQPGGSLRLSCAASGFNLYSSYIHWVRQAPGKGLEWVASISSGSSYTYYADSVKGRFTISADTSKNTAYLQMNSLRAEDTAVYYCARYWYTSAWALDYWGQGTLVTVSS,-0.136511
EVQLVESGGGLVQPGGSLRLSCAASGFNLYSSYIHWVRQAPGKGLEWVASISSGSSYTYYADSVKGRFTISADTSKNTAYLQMNSLRAEDTAVYYCARYWYYSAWALDYWGQGTLVTVSS,-0.134759
EVQLVESGGGLVQPGGSLRLSCAASGFNLYSSYIHWVRQAPGKGLEWVASISSHSSYTYYADSVKGRFTISADTSKNTAYLQMNSLRAEDTAVYYCARYWYDSAWALDYWGQGTLVTVSS,-0.138697
EVQLVESGGGLVQPGGSLRLSCAASGFNLYSSYIHWVRQAPGKGLEWVASISSHSSYTYYADSVKGRFTISADTSKNTAYLQMNSLRAEDTAVYYCARYWYESAWALDYWGQGTLVTVSS,-0.142466
EVQLVESGGGLVQPGGSLRLSCAASGFNLYSSYIHWVRQAPGKGLEWVASISSHSSYTYYADSVKGRFTISADTSKNTAYLQMNSLRAEDTAVYYCARYWYGSAWALDYWGQGTLVTVSS,-0.134907
EVQLVESGGGLVQPGGSLRLSCAASGFNLYSSYIHWVRQAPGKGLEWVASISSHSSYTYYADSVKGRFTISADTSKNTAYLQMNSLRAEDTAVYYCARYWYHSAWALDYWGQGTLVTVSS,-0.145489
EVQLVESGGGLVQPGGSLRLSCAASGFNLYSSYIHWVRQAPGKGLEWVASISSHSSYTYYADSVKGRFTISADTSKNTAYLQMNSLRAEDTAVYYCARYWYQSAWALDYWGQGTLVTVSS,-0.146931
EVQLVESGGGLVQPGGSLRLSCAASGFNLYSSYIHWVRQAPGKGLEWVASISSHSSYTYYADSVKGRFTISADTSKNTAYLQMNSLRAEDTAVYYCARYWYSSAWALDYWGQGTLVTVSS,-0.144187
EVQLVESGGGLVQPGGSLRLSCAASGFNLYSSYIHWVRQAPGKGLEWVASISSHSSYTYYADSVKGRFTISADTSKNTAYLQMNSLRAEDTAVYYCARYWYTSAWALDYWGQGTLVTVSS,-0.145403
EVQLVESGGGLVQPGGSLRLSCAASGFNLYSSYIHWVRQAPGKGLEWVASISSHSSYTYYADSVKGRFTISADTSKNTAYLQMNSLRAEDTAVYYCARYWYYSAWALDYWGQGTLVTVSS,-0.144251
EVQLVESGGGLVQPGGSLRLSCAASGFNLYSSYIHWVRQAPGKGLEWVASISSQSSYTYYADSVKGRFTISADTSKNTAYLQMNSLRAEDTAVYYCARYWYDSAWALDYWGQGTLVTVSS,-0.145597
EVQLVESGGGLVQPGGSLRLSCAASGFNLYSSYIHWVRQAPGKGLEWVASISSQSSYTYYADSVKGRFTISADTSKNTAYLQMNSLRAEDTAVYYCARYWYGSAWALDYWGQGTLVTVSS,-0.141248
EVQLVESGGGLVQPGGSLRLSCAASGFNLYSSYIHWVRQAPGKGLEWVASISSQSSYTYYADSVKGRFTISADTSKNTAYLQMNSLRAEDTAVYYCARYWYHSAWALDYWGQGTLVTVSS,-0.153437
EVQLVESGGGLVQPGGSLRLSCAASGFNLYSSYIHWVRQAPGKGLEWVASISSQSSYTYYADSVKGRFTISADTSKNTAYLQMNSLRAEDTAVYYCARYWYQSAWALDYWGQGTLVTVSS,-0.153148
EVQLVESGGGLVQPGGSLRLSCAASGFNLYSSYIHWVRQAPGKGLEWVASISSQSSYTYYADSVKGRFTISADTSKNTAYLQMNSLRAEDTAVYYCARYWYSSAWALDYWGQGTLVTVSS,-0.151287
EVQLVESGGGLVQPGGSLRLSCAASGFNLYSSYIHWVRQAPGKGLEWVASISSQSSYTYYADSVKGRFTISADTSKNTAYLQMNSLRAEDTAVYYCARYWYTSAWALDYWGQGTLVTVSS,-0.152188
EVQLVESGGGLVQPGGSLRLSCAASGFNLYSSYIHWVRQAPGKGLEWVASISSQSSYTYYADSVKGRFTISADTSKNTAYLQMNSLRAEDTAVYYCARYWYYSAWALDYWGQGTLVTVSS,-0.150901
EVQLVESGGGLVQPGGSLRLSCAASGFNLYSSYIHWVRQAPGKGLEWVASISSSSSYTYYADSVKGRFTISADTSKNTAYLQMNSLRAEDTAVYYCARYWYDSAWALDYWGQGTLVTVSS,-0.12872
EVQLVESGGGLVQPGGSLRLSCAASGFNLYSSYIHWVRQAPGKGLEWVASISSSSSYTYYADSVKGRFTISADTSKNTAYLQMNSLRAEDTAVYYCARYWYESAWALDYWGQGTLVTVSS,-0.132918
EVQLVESGGGLVQPGGSLRLSCAASGFNLYSSYIHWVRQAPGKGLEWVASISSSSSYTYYADSVKGRFTISADTSKNTAYLQMNSLRAEDTAVYYCARYWYGSAWALDYWGQGTLVTVSS,-0.123537
EVQLVESGGGLVQPGGSLRLSCAASGFNLYSSYIHWVRQAPGKGLEWVASISSSSSYTYYADSVKGRFTISADTSKNTAYLQMNSLRAEDTAVYYCARYWYHSAWALDYWGQGTLVTVSS,-0.136546
EVQLVESGGGLVQPGGSLRLSCAASGFNLYSSYIHWVRQAPGKGLEWVASISSSSSYTYYADSVKGRFTISADTSKNTAYLQMNSLRAEDTAVYYCARYWYQSAWALDYWGQGTLVTVSS,-0.135984
EVQLVESGGGLVQPGGSLRLSCAASGFNLYSSYIHWVRQAPGKGLEWVASISSSSSYTYYADSVKGRFTISADTSKNTAYLQMNSLRAEDTAVYYCARYWYSSAWALDYWGQGTLVTVSS,-0.133616
EVQLVESGGGLVQPGGSLRLSCAASGFNLYSSYIHWVRQAPGKGLEWVASISSSSSYTYYADSVKGRFTISADTSKNTAYLQMNSLRAEDTAVYYCARYWYTSAWALDYWGQGTLVTVSS,-0.134792
EVQLVESGGGLVQPGGSLRLSCAASGFNLYSSYIHWVRQAPGKGLEWVASISSSSSYTYYADSVKGRFTISADTSKNTAYLQMNSLRAEDTAVYYCARYWYYSAWALDYWGQGTLVTVSS,-0.132467
EVQLVESGGGLVQPGGSLRLSCAASGFNLYSSYIHWVRQAPGKGLEWVASISSYSSDTYYADSVKGRFTISADTSKNTAYLQMNSLRAEDTAVYYCARYWYYSAWALDYWGQGTLVTVSS,-0.133656
EVQLVESGGGLVQPGGSLRLSCAASGFNLYSSYIHWVRQAPGKGLEWVASISSYSSQTYYADSVKGRFTISADTSKNTAYLQMNSLRAEDTAVYYCARYWYYSAWALDYWGQGTLVTVSS,-0.136883
EVQLVESGGGLVQPGGSLRLSCAASGFNLYSSYIHWVRQAPGKGLEWVASISSYSSSTYYADSVKGRFTISADTSKNTAYLQMNSLRAEDTAVYYCARYWYYSAWALDYWGQGTLVTVSS,-0.13165
EVQLVESGGGLVQPGGSLRLSCAASGFNLYSSYIHWVRQAPGKGLEWVASISSYSSYTYYADSVKGRFTISADTSKNTAYLQMNSLRAEDTAVYYCARYDYYSAWALDYWGQGTLVTVSS,-0.114085
EVQLVESGGGLVQPGGSLRLSCAASGFNLYSSYIHWVRQAPGKGLEWVASISSYSSYTYYADSVKGRFTISADTSKNTAYLQMNSLRAEDTAVYYCARYGYYSAWALDYWGQGTLVTVSS,-0.115096
EVQLVESGGGLVQPGGSLRLSCAASGFNLYSSYIHWVRQAPGKGLEWVASISSYSSYTYYADSVKGRFTISADTSKNTAYLQMNSLRAEDTAVYYCARYHYYSAWALDYWGQGTLVTVSS,-0.123713
EVQLVESGGGLVQPGGSLRLSCAASGFNLYSSYIHWVRQAPGKGLEWVASISSYSSYTYYADSVKGRFTISADTSKNTAYLQMNSLRAEDTAVYYCARYQYYSAWALDYWGQGTLVTVSS,-0.112166
EVQLVESGGGLVQPGGSLRLSCAASGFNLYSSYIHWVRQAPGKGLEWVASISSYSSYTYYADSVKGRFTISADTSKNTAYLQMNSLRAEDTAVYYCARYSYYSAWALDYWGQGTLVTVSS,-0.111765
EVQLVESGGGLVQPGGSLRLSCAASGFNLYSSYIHWVRQAPGKGLEWVASISSYSSYTYYADSVKGRFTISADTSKNTAYLQMNSLRAEDTAVYYCARYWDYSAWALDYWGQGTLVTVSS,-0.124452
EVQLVESGGGLVQPGGSLRLSCAASGFNLYSSYIHWVRQAPGKGLEWVASISSYSSYTYYADSVKGRFTISADTSKNTAYLQMNSLRAEDTAVYYCARYWEYSAWALDYWGQGTLVTVSS,-0.129954
EVQLVESGGGLVQPGGSLRLSCAASGFNLYSSYIHWVRQAPGKGLEWVASISSYSSYTYYADSVKGRFTISADTSKNTAYLQMNSLRAEDTAVYYCARYWGYSAWALDYWGQGTLVTVSS,-0.126087
EVQLVESGGGLVQPGGSLRLSCAASGFNLYSSYIHWVRQAPGKGLEWVASISSYSSYTYYADSVKGRFTISADTSKNTAYLQMNSLRAEDTAVYYCARYWHYSAWALDYWGQGTLVTVSS,-0.132792
EVQLVESGGGLVQPGGSLRLSCAASGFNLYSSYIHWVRQAPGKGLEWVASISSYSSYTYYADSVKGRFTISADTSKNTAYLQMNSLRAEDTAVYYCARYWQYSAWALDYWGQGTLVTVSS,-0.133054
EVQLVESGGGLVQPGGSLRLSCAASGFNLYSSYIHWVRQAPGKGLEWVASISSYSSYTYYADSVKGRFTISADTSKNTAYLQMNSLRAEDTAVYYCARYWSYSAWALDYWGQGTLVTVSS,-0.123797
EVQLVESGGGLVQPGGSLRLSCAASGFNLYSSYIHWVRQAPGKGLEWVASISSYSSYTYYADSVKGRFTISADTSKNTAYLQMNSLRAEDTAVYYCARYWTYSAWALDYWGQGTLVTVSS,-0.126962
EVQLVESGGGLVQPGGSLRLSCAASGFNLYSSYIHWVRQAPGKGLEWVASISSYSSYTYYADSVKGRFTISADTSKNTAYLQMNSLRAEDTAVYYCARYWYDSAWALDYWGQGTLVTVSS,-0.129965
EVQLVESGGGLVQPGGSLRLSCAASGFNLYSSYIHWVRQAPGKGLEWVASISSYSSYTYYADSVKGRFTISADTSKNTAYLQMNSLRAEDTAVYYCARYWYESAWALDYWGQGTLVTVSS,-0.133927
EVQLVESGGGLVQPGGSLRLSCAASGFNLYSSYIHWVRQAPGKGLEWVASISSYSSYTYYADSVKGRFTISADTSKNTAYLQMNSLRAEDTAVYYCARYWYGSAWALDYWGQGTLVTVSS,-0.125707
EVQLVESGGGLVQPGGSLRLSCAASGFNLYSSYIHWVRQAPGKGLEWVASISSYSSYTYYADSVKGRFTISADTSKNTAYLQMNSLRAEDTAVYYCARYWYHSAWALDYWGQGTLVTVSS,-0.137304
EVQLVESGGGLVQPGGSLRLSCAASGFNLYSSYIHWVRQAPGKGLEWVASISSYSSYTYYADSVKGRFTISADTSKNTAYLQMNSLRAEDTAVYYCARYWYQSAWALDYWGQGTLVTVSS,-0.136963
EVQLVESGGGLVQPGGSLRLSCAASGFNLYSSYIHWVRQAPGKGLEWVASISSYSSYTYYADSVKGRFTISADTSKNTAYLQMNSLRAEDTAVYYCARYWYSSAWALDYWGQGTLVTVSS,-0.134526
EVQLVESGGGLVQPGGSLRLSCAASGFNLYSSYIHWVRQAPGKGLEWVASISSYSSYTYYADSVKGRFTISADTSKNTAYLQMNSLRAEDTAVYYCARYWYTSAWALDYWGQGTLVTVSS,-0.135855
EVQLVESGGGLVQPGGSLRLSCAASGFNLYSSYIHWVRQAPGKGLEWVASISSYSSYTYYADSVKGRFTISADTSKNTAYLQMNSLRAEDTAVYYCARYWYYSAWALDYWGQGTLVTVSS,-0.133628
EVQLVESGGGLVQPGGSLRLSCAASGFNLYSSYIHWVRQAPGKGLEWVASISSYSSYTYYADSVKGRFTISADTSKNTAYLQMNSLRAEDTAVYYCARYWYYSAWALDYWGQGTLVTVSS,-0.133628
EVQLVESGGGLVQPGGSLRLSCAASGFNLYSSYIHWVRQAPGKGLEWVASISSYSSYTYYADSVKGRFTISADTSKNTAYLQMNSLRAEDTAVYYCARYWYYSAWALDYWGQGTLVTVSS,-0.133628
EVQLVESGGGLVQPGGSLRLSCAASGFNLYSSYIHWVRQAPGKGLEWVASISSYSSYTYYADSVKGRFTISADTSKNTAYLQMNSLRAEDTAVYYCARYWYYSAWALDYWGQGTLVTVSS,-0.133628
EVQLVESGGGLVQPGGSLRLSCAASGFNLYSSYIHWVRQAPGKGLEWVASISSYSSYTYYADSVKGRFTISADTSKNTAYLQMNSLRAEDTAVYYCARYWYYSAWALDYWGQGTLVTVSS,-0.133628
EVQLVESGGGLVQPGGSLRLSCAASGFNLYSSYIHWVRQAPGKGLEWVASISSYSSYTYYADSVKGRFTISADTSKNTAYLQMNSLRAEDTAVYYCARYWYYSAWALDYWGQGTLVTVSS,-0.133628
EVQLVESGGGLVQPGGSLRLSCAASGFNLYSSYIHWVRQAPGKGLEWVASISSYSSYTYYADSVKGRFTISADTSKNTAYLQMNSLRAEDTAVYYCARYWYYSAWALDYWGQGTLVTVSS,-0.133628
EVQLVESGGGLVQPGGSLRLSCAASGFNLYSSYIHWVRQAPGKGLEWVASISSYSSYTYYADSVKGRFTISADTSKNTAYLQMNSLRAEDTAVYYCARYWYYSAWALDYWGQGTLVTVSS,-0.133628
